0.007053238990722049,0.015931912099535678,0.1
-0.004127312436507352,0.007710918482791568,0.2
0.017247271072358406,0.027112463317168795,0.30000000000000004
0.014616553125098908,0.0188914697861184,0.4
0.02842782227630715,0.033031578620651106,0.5
0.012314674915948232,0.01363003389321163,0.6
0.027112463317168795,0.03336041835878106,0.7
0.010670476192095851,0.017904950558164767,0.7999999999999999
0.0067243992445354395,0.02185102746453993,0.8999999999999999
0.010341636447022129,0.02185102746453993,0.9999999999999999
0.020535668497359494,0.025139424875448485,1.0999999999999999
0.01560307235607783,0.023166386430110195,1.2
0.012972354404781922,0.02579710435642378,1.3
0.010341636447022129,0.02579710435642378,1.4000000000000001
0.013958873637275021,0.027441303057103975,1.5000000000000002
0.0188914697861184,0.02875666201584079,1.6000000000000003
0.012643514660415606,0.03237389914409064,1.7000000000000004
0.014945392868859458,0.010670476192095851,1.8000000000000005
0.017247271072358406,0.02250870694752627,1.9000000000000006
0.032702738882420965,0.03993721310036419,2.0000000000000004
0.01527423261251909,0.023166386430110195,2.1000000000000005
0.02941434149460702,0.03336041835878106,2.2000000000000006
0.008697437720136758,0.004422521018393244,2.3000000000000007
0.0188914697861184,0.023495226171251285,2.400000000000001
0.014287713381237438,0.027112463317168795,2.500000000000001
0.03237389914409064,0.0376353349453607,2.600000000000001
0.014616553125098908,0.020206828755312697,2.700000000000001
0.02875666201584079,0.023495226171251285,2.800000000000001
0.020206828755312697,0.03204505940566013,2.9000000000000012
0.016589591586148728,0.02777014279693875,3.0000000000000013
0.007710918482791568,0.010670476192095851,3.1000000000000014
0.01823379030091675,0.02777014279693875,3.2000000000000015
0.0004764440477360299,0.008368597974456216,3.3000000000000016
-0.0051138316857229915,-0.00018123544879403153,3.4000000000000017
0.01099931593706846,0.02777014279693875,3.5000000000000018
0.023166386430110195,0.02842782227630715,3.600000000000002
0.01363003389321163,0.016918431329303985,3.700000000000002
-0.002154273940821544,0.007382078736807435,3.800000000000002
0.0188914697861184,0.040923732308152744,3.900000000000002
-0.0011677546943506534,0.001462963291769842,4.000000000000002
-0.004456152186144174,0.013301194149047263,4.100000000000001
0.022179867206083406,0.023495226171251285,4.200000000000001
0.02941434149460702,0.04191025151504263,4.300000000000001
0.020206828755312697,0.022837546688868546,4.4
0.030729700450935732,0.03895069389167659,4.5
0.012314674915948232,0.014945392868859458,4.6
0.01560307235607783,0.023166386430110195,4.699999999999999
0.023495226171251285,0.02809898253667313,4.799999999999999
0.022837546688868546,0.027112463317168795,4.899999999999999
0.01823379030091675,0.01757611081531199,4.999999999999998
0.01560307235607783,0.03105854018976721,5.099999999999998
0.0027783222823943576,0.004422521018393244,5.1999999999999975
0.016589591586148728,0.016260751842892635,5.299999999999997
0.01856263004356795,0.013958873637275021,5.399999999999997
-0.002483113689848382,0.009355117211194336,5.4999999999999964
0.016589591586148728,0.02875666201584079,5.599999999999996
0.023495226171251285,0.02678362357713321,5.699999999999996
0.021193347981151023,0.026125944096760723,5.799999999999995
0.003764841524297846,0.01527423261251909,5.899999999999995
0.01527423261251909,0.016918431329303985,5.999999999999995
0.009683956956571399,0.01757611081531199,6.099999999999994
0.002120642787284993,0.006066719751858435,6.199999999999994
0.014616553125098908,0.01099931593706846,6.299999999999994
0.004751360765288926,0.011985835171379855,6.399999999999993
0.013958873637275021,0.01856263004356795,6.499999999999993
0.02678362357713321,0.02842782227630715,6.5999999999999925
0.02678362357713321,0.037306495208531784,6.699999999999992
-0.0014965944430727074,0.001791803039578127,6.799999999999992
0.011656995426710448,0.016918431329303985,6.8999999999999915
0.015931912099535678,0.007382078736807435,6.999999999999991
-0.006429190686101621,0.005080200512083299,7.099999999999991
0.004422521018393244,0.01757611081531199,7.19999999999999
0.025468264615986377,0.03829301441871856,7.29999999999999
0.03237389914409064,0.03204505940566013,7.39999999999999
0.019877989013165204,0.027112463317168795,7.499999999999989
0.009026277465716132,0.014616553125098908,7.599999999999989
0.016918431329303985,0.023495226171251285,7.699999999999989
-0.0037984726869721985,0.0031071620297969116,7.799999999999988
0.006066719751858435,0.02809898253667313,7.899999999999988
0.03105854018976721,0.033689258096810865,7.999999999999988
0.021193347981151023,0.026125944096760723,8.099999999999987
0.020864508239305593,0.03171621966712938,8.199999999999987
0.008697437720136758,0.014616553125098908,8.299999999999986
0.005737880005368012,0.008039758228674504,8.399999999999986
0.0034360017770980744,0.0188914697861184,8.499999999999986
0.01856263004356795,0.023824065912291803,8.599999999999985
0.024481745394071205,0.020206828755312697,8.699999999999985
0.02842782227630715,0.03237389914409064,8.799999999999985
0.012643514660415606,0.0031071620297969116,8.899999999999984
0.011656995426710448,0.014616553125098908,8.999999999999984
-0.012677145960156955,0.011656995426710448,9.099999999999984
0.004422521018393244,0.008368597974456216,9.199999999999983
0.017904950558164767,0.020864508239305593,9.299999999999983
0.024810585134810104,0.026125944096760723,9.399999999999983
0.023166386430110195,0.02842782227630715,9.499999999999982
-10.005240898861762,-10.016750617029889,9.599999999999982
-10.003925502539637,-10.016750617029889,9.699999999999982
-10.00951593696525,-10.02332759912206,9.799999999999981
-10.005569747943573,-10.021025655366477,9.89999999999998
-10.006227446108733,-10.023985297342556,9.99999999999998
-10.00688514427594,-10.022669900903615,10.09999999999998
-9.999321615476694,-10.01740831522988,10.19999999999998
-10.006227446108733,-10.022669900903615,10.29999999999998
-10.00655629519208,-10.016421767930662,10.399999999999979
-10.000308162696022,-10.014448673346061,10.499999999999979
-10.000965860844799,-10.018066013431921,10.599999999999978
-9.9999793136224,-10.018394862533711,10.699999999999978
-10.005240898861762,-10.020039108050344,10.799999999999978
-9.998006219191419,-10.015764069733747,10.899999999999977
-10.00655629519208,-10.020696806260588,10.999999999999977
-10.001952408071805,-10.014448673346061,11.099999999999977
-10.00688514427594,-10.021683353579796,11.199999999999976
-10.003925502539637,-10.018723711636012,11.299999999999976
-10.007213993360311,-10.021025655366477,11.399999999999975
-10.007542842445195,-10.022669900903615,11.499999999999975
-9.998992766404607,-10.018723711636012,11.599999999999975
-10.003267804381645,-10.013462126060679,11.699999999999974
-10.009187087877295,-10.02332759912206,11.799999999999974
-10.007542842445195,-10.021025655366477,11.899999999999974
-9.9999793136224,-10.016421767930662,11.999999999999973
-10.005240898861762,-10.01707946612963,12.099999999999973
-9.99767737012138,-10.015435220636057,12.199999999999973
-9.9999793136224,-10.013462126060679,12.299999999999972
-10.00655629519208,-10.021683353579796,12.399999999999972
-10.00787169153059,-10.02036795715521,12.499999999999972
-10.009187087877295,-10.024642995565102,12.599999999999971
-10.005569747943573,-10.021025655366477,12.69999999999997
-10.010502484232193,-10.023656448232051,12.79999999999997
-10.002938955303417,-10.018723711636012,12.89999999999997
-10.006227446108733,-10.02036795715521,12.99999999999997
-10.008200540616498,-10.023985297342556,13.09999999999997
-10.005898597025897,-10.021025655366477,13.199999999999969
-10.002610106225703,-10.013462126060679,13.299999999999969
-9.998663917333033,-10.017737164330645,13.399999999999968
-10.002938955303417,-10.017737164330645,13.499999999999968
-9.999321615476694,-10.018394862533711,13.599999999999968
-10.007213993360311,-10.022012202687224,13.699999999999967
-10.008200540616498,-10.019381409842154,13.799999999999967
-10.004583200699676,-10.016421767930662,13.899999999999967
-10.00951593696525,-10.024642995565102,13.999999999999966
-10.001952408071805,-10.01740831522988,14.099999999999966
-10.007213993360311,-10.023656448232051,14.199999999999966
-10.007542842445195,-10.020696806260588,14.299999999999965
-10.003267804381645,-10.019381409842154,14.399999999999965
-10.000965860844799,-10.018394862533711,14.499999999999964
-10.007213993360311,-10.021683353579796,14.599999999999964
-10.001294709919955,-10.017737164330645,14.699999999999964
-10.000308162696022,-10.015106371538879,14.799999999999963
-9.99965046454929,-10.018066013431921,14.899999999999963
-10.006227446108733,-10.019710258945993,14.999999999999963
-10.005569747943573,-10.020039108050344,15.099999999999962
-10.001294709919955,-10.019052560738828,15.199999999999962
-10.001294709919955,-10.015435220636057,15.299999999999962
-10.00688514427594,-10.020039108050344,15.399999999999961
-10.002610106225703,-10.016092918831948,15.499999999999961
-10.005240898861762,-10.018066013431921,15.59999999999996
-10.001623558995625,-10.016092918831948,15.69999999999996
-10.005898597025897,-10.01707946612963,15.79999999999996
-10.000637011770154,-10.018394862533711,15.89999999999996
-10.000308162696022,-10.019710258945993,15.99999999999996
-10.001623558995625,-10.016421767930662,16.09999999999996
-9.998663917333033,-10.014448673346061,16.19999999999996
-10.002938955303417,-10.01740831522988,16.29999999999996
-9.9999793136224,-10.015106371538879,16.399999999999963
-10.0101736351427,-10.023656448232051,16.499999999999964
-10.006227446108733,-10.02135450447288,16.599999999999966
-10.002281257148498,-10.018394862533711,16.699999999999967
-10.007542842445195,-10.0253006937897,16.79999999999997
-9.99965046454929,-10.012475578779906,16.89999999999997
-10.008529389702918,-10.021683353579796,16.99999999999997
-10.002938955303417,-10.013462126060679,17.099999999999973
-10.006227446108733,-10.02135450447288,17.199999999999974
-9.998992766404607,-10.01707946612963,17.299999999999976
-10.002938955303417,-10.018723711636012,17.399999999999977
-10.002938955303417,-10.018723711636012,17.49999999999998
-10.008200540616498,-10.022998750012583,17.59999999999998
-9.9999793136224,-10.014777522442214,17.69999999999998
-10.003925502539637,-10.018723711636012,17.799999999999983
-10.000637011770154,-10.020039108050344,17.899999999999984
-10.000308162696022,-10.014777522442214,17.999999999999986
-10.008200540616498,-10.020039108050344,18.099999999999987
-10.007542842445195,-10.02135450447288,18.19999999999999
-10.00655629519208,-10.023656448232051,18.29999999999999
-10.001623558995625,-10.017737164330645,18.39999999999999
-10.005240898861762,-10.02135450447288,18.499999999999993
-10.00655629519208,-10.022998750012583,18.599999999999994
-10.003596653460386,-10.016750617029889,18.699999999999996
-10.00787169153059,-10.02332759912206,18.799999999999997
-10.00951593696525,-10.02332759912206,18.9
-9.999321615476694,-10.01707946612963,19.0
-9.9999793136224,-10.015435220636057,19.1
-9.99965046454929,-10.017737164330645,19.200000000000003
-10.009187087877295,-10.022012202687224,19.300000000000004
-10.005240898861762,-10.023985297342556,19.400000000000006
-10.004912049780463,-10.023985297342556,19.500000000000007
-10.005898597025897,-10.018066013431921,19.60000000000001
-10.001952408071805,-10.015435220636057,19.70000000000001
-10.004254351619402,-10.018066013431921,19.80000000000001
-9.99965046454929,-10.016421767930662,19.900000000000013
-10.003596653460386,-10.016092918831948,20.000000000000014
-10.003267804381645,-10.016750617029889,20.100000000000016
-10.003596653460386,-10.01707946612963,20.200000000000017
-10.005898597025897,-10.016421767930662,20.30000000000002
-10.001294709919955,-10.01707946612963,20.40000000000002
-10.00688514427594,-10.02135450447288,20.50000000000002
-10.000637011770154,-10.018066013431921,20.600000000000023
-10.004912049780463,-10.01707946612963,20.700000000000024
-10.003596653460386,-10.01740831522988,20.800000000000026
-10.000308162696022,-10.018066013431921,20.900000000000027
-10.004254351619402,-10.016750617029889,21.00000000000003
-10.006227446108733,-10.020039108050344,21.10000000000003
-10.003267804381645,-10.014777522442214,21.20000000000003
-10.00655629519208,-10.020696806260588,21.300000000000033
-10.004583200699676,-10.014777522442214,21.400000000000034
-9.99965046454929,-10.019710258945993,21.500000000000036
-9.99965046454929,-10.019052560738828,21.600000000000037
-10.000308162696022,-10.018066013431921,21.70000000000004
-10.008200540616498,-10.023985297342556,21.80000000000004
-10.007542842445195,-10.019381409842154,21.90000000000004
-10.007542842445195,-10.022998750012583,22.000000000000043
-9.99965046454929,-10.02036795715521,22.100000000000044
-9.99965046454929,-10.019052560738828,22.200000000000045
-10.002610106225703,-10.014448673346061,22.300000000000047
-10.000965860844799,-10.018394862533711,22.40000000000005
-10.000308162696022,-10.019052560738828,22.50000000000005
-9.99965046454929,-10.017737164330645,22.60000000000005
-10.001623558995625,-10.01740831522988,22.700000000000053
-10.002281257148498,-10.01740831522988,22.800000000000054
-10.00951593696525,-10.022012202687224,22.900000000000055
-10.000308162696022,-10.019381409842154,23.000000000000057
-10.000308162696022,-10.014777522442214,23.10000000000006
-10.005898597025897,-10.02332759912206,23.20000000000006
-10.00655629519208,-10.024314146453573,23.30000000000006
-10.006227446108733,-10.024642995565102,23.400000000000063
-10.002610106225703,-10.018394862533711,23.500000000000064
-10.004254351619402,-10.01740831522988,23.600000000000065
-10.007542842445195,-10.022998750012583,23.700000000000067
-10.004254351619402,-10.01740831522988,23.800000000000068
-10.007542842445195,-10.02332759912206,23.90000000000007
-9.998663917333033,-10.018066013431921,24.00000000000007
-10.002938955303417,-10.014119824250422,24.100000000000072
-10.000965860844799,-10.01740831522988,24.200000000000074
-9.998663917333033,-10.019710258945993,24.300000000000075
-10.003925502539637,-10.020039108050344,24.400000000000077
-9.998992766404607,-10.019710258945993,24.500000000000078
-10.00951593696525,-10.022669900903615,24.60000000000008
-10.00688514427594,-10.021025655366477,24.70000000000008
-10.00951593696525,-10.024642995565102,24.800000000000082
-10.005569747943573,-10.016750617029889,24.900000000000084
-10.007213993360311,-10.021025655366477,25.000000000000085
-9.998992766404607,-10.014777522442214,25.100000000000087
-9.99965046454929,-10.015764069733747,25.200000000000088
-10.008200540616498,-10.022998750012583,25.30000000000009
-9.998992766404607,-10.015764069733747,25.40000000000009
-10.000965860844799,-10.014448673346061,25.500000000000092
-10.001623558995625,-10.022669900903615,25.600000000000094
-9.99965046454929,-10.014119824250422,25.700000000000095
-10.001294709919955,-10.016092918831948,25.800000000000097
-10.00655629519208,-10.021025655366477,25.900000000000098
-10.007542842445195,-10.020039108050344,26.0000000000001
-10.005240898861762,-10.016750617029889,26.1000000000001
-10.00655629519208,-10.023656448232051,26.200000000000102
-10.007542842445195,-10.022341051795163,26.300000000000104
-9.99965046454929,-10.01740831522988,26.400000000000105
-10.005569747943573,-10.02135450447288,26.500000000000107
-10.007213993360311,-10.021025655366477,26.600000000000108
-10.00655629519208,-10.020696806260588,26.70000000000011
-10.003596653460386,-10.018066013431921,26.80000000000011
-10.008529389702918,-10.021683353579796,26.900000000000112
-10.001623558995625,-10.014119824250422,27.000000000000114
-10.002610106225703,-10.015764069733747,27.100000000000115
-10.000965860844799,-10.018394862533711,27.200000000000117
-10.003596653460386,-10.018723711636012,27.300000000000118
-10.003267804381645,-10.01707946612963,27.40000000000012
-10.008529389702918,-10.02332759912206,27.50000000000012
-10.004583200699676,-10.019381409842154,27.600000000000122
-9.998006219191419,-10.016421767930662,27.700000000000124
-10.002938955303417,-10.019381409842154,27.800000000000125
-10.005898597025897,-10.021683353579796,27.900000000000126
-10.00688514427594,-10.024971844677145,28.000000000000128
-10.002610106225703,-10.014777522442214,28.10000000000013
-10.009187087877295,-10.024642995565102,28.20000000000013
-10.002938955303417,-10.015106371538879,28.300000000000132
-10.001294709919955,-10.014119824250422,28.400000000000134
-10.000637011770154,-10.018723711636012,28.500000000000135
-10.005240898861762,-10.023656448232051,28.600000000000136
-10.003267804381645,-10.01707946612963,28.700000000000138
-10.00655629519208,-10.020039108050344,28.80000000000014
-9.99767737012138,-10.024642995565102,28.90000000000014
-10.00885823878985,-10.022012202687224,29.000000000000142
-10.00885823878985,-10.024642995565102,29.100000000000144
-10.000965860844799,-10.018394862533711,29.200000000000145
-10.007213993360311,-10.022341051795163,29.300000000000146
-10.001294709919955,-10.014119824250422,29.400000000000148
-10.004583200699676,-10.016092918831948,29.50000000000015
-9.9999793136224,-10.014448673346061,29.60000000000015
-9.9999793136224,-10.012804427872986,29.700000000000152
-10.002281257148498,-10.014119824250422,29.800000000000153
-10.003596653460386,-10.015435220636057,29.900000000000155
-10.002610106225703,-10.015435220636057,30.000000000000156
-9.9999793136224,-10.014777522442214,30.100000000000158
-10.005898597025897,-10.023985297342556,30.20000000000016
-10.007213993360311,-10.022998750012583,30.30000000000016
-10.001623558995625,-10.01707946612963,30.400000000000162
-10.002938955303417,-10.01707946612963,30.500000000000163
-9.999321615476694,-10.014119824250422,30.600000000000165
-10.004254351619402,-10.01707946612963,30.700000000000166
-10.005240898861762,-10.016421767930662,30.800000000000168
-9.998335068261971,-10.016750617029889,30.90000000000017
-10.002938955303417,-10.013790975155294,31.00000000000017
-10.007542842445195,-10.022341051795163,31.100000000000172
-10.003925502539637,-10.016750617029889,31.200000000000173
-10.000308162696022,-10.020039108050344,31.300000000000175
-10.007542842445195,-10.019710258945993,31.400000000000176
-10.001294709919955,-10.018723711636012,31.500000000000178
-10.000308162696022,-10.019381409842154,31.60000000000018
-10.000637011770154,-10.019710258945993,31.70000000000018
-10.000637011770154,-10.019052560738828,31.800000000000182
-10.005569747943573,-10.024314146453573,31.900000000000183
-10.000637011770154,-10.01740831522988,32.000000000000185
-10.006227446108733,-10.02135450447288,32.100000000000186
-10.002938955303417,-10.014119824250422,32.20000000000019
-10.007213993360311,-10.02036795715521,32.30000000000019
-10.001623558995625,-10.018066013431921,32.40000000000019
-10.004912049780463,-10.021025655366477,32.50000000000019
-10.007213993360311,-10.020039108050344,32.60000000000019
-10.004254351619402,-10.018066013431921,32.700000000000195
-10.003267804381645,-10.018066013431921,32.800000000000196
-10.000308162696022,-10.01214672968734,32.9000000000002
-9.9999793136224,-10.01707946612963,33.0000000000002
-10.003596653460386,-10.018394862533711,33.1000000000002
-10.007542842445195,-10.021683353579796,33.2000000000002
-10.00984478605372,-10.020696806260588,33.3000000000002
-10.004583200699676,-10.01740831522988,33.400000000000205
-10.009187087877295,-10.02135450447288,33.500000000000206
-10.005240898861762,-10.01707946612963,33.60000000000021
-10.003596653460386,-10.016092918831948,33.70000000000021
-10.008529389702918,-10.022341051795163,33.80000000000021
-10.004583200699676,-10.02036795715521,33.90000000000021
-10.007213993360311,-10.022341051795163,34.00000000000021
-10.002610106225703,-10.015106371538879,34.100000000000215
-10.00655629519208,-10.023656448232051,34.200000000000216
-10.008200540616498,-10.022012202687224,34.30000000000022
-10.00787169153059,-10.019052560738828,34.40000000000022
-10.004254351619402,-10.019381409842154,34.50000000000022
-10.0101736351427,-10.022669900903615,34.60000000000022
-10.000308162696022,-10.014119824250422,34.70000000000022
-9.998335068261971,-10.019052560738828,34.800000000000225
-10.007213993360311,-10.023656448232051,34.900000000000226
-10.000637011770154,-10.016421767930662,35.00000000000023
-10.000965860844799,-10.017737164330645,35.10000000000023
-10.007213993360311,-10.023985297342556,35.20000000000023
-9.9999793136224,-10.017737164330645,35.30000000000023
-10.00885823878985,-10.02332759912206,35.40000000000023
-9.996361973846339,-10.016421767930662,35.500000000000234
-10.002938955303417,-10.014777522442214,35.600000000000236
-9.9999793136224,-10.018066013431921,35.70000000000024
-10.00655629519208,-10.0253006937897,35.80000000000024
-9.999321615476694,-10.016421767930662,35.90000000000024
-10.003267804381645,-10.017737164330645,36.00000000000024
-10.000965860844799,-10.01707946612963,36.10000000000024
-10.004583200699676,-10.020039108050344,36.200000000000244
-10.003267804381645,-10.017737164330645,36.300000000000246
-9.99965046454929,-10.014448673346061,36.40000000000025
-10.008200540616498,-10.019710258945993,36.50000000000025
-10.000637011770154,-10.015764069733747,36.60000000000025
-10.00655629519208,-10.022341051795163,36.70000000000025
-10.003925502539637,-10.011160182412715,36.80000000000025
-9.9999793136224,-10.013790975155294,36.900000000000254
-10.005898597025897,-10.022012202687224,37.000000000000256
-9.9999793136224,-10.018394862533711,37.10000000000026
-10.008200540616498,-10.021683353579796,37.20000000000026
-10.002610106225703,-10.01707946612963,37.30000000000026
-10.00885823878985,-10.021683353579796,37.40000000000026
-10.007213993360311,-10.023985297342556,37.50000000000026
-10.004254351619402,-10.020696806260588,37.600000000000264
-9.99965046454929,-10.01740831522988,37.700000000000266
-10.000637011770154,-10.019710258945993,37.80000000000027
-10.003925502539637,-10.016750617029889,37.90000000000027
-10.00655629519208,-10.021683353579796,38.00000000000027
-10.001294709919955,-10.013790975155294,38.10000000000027
-10.003925502539637,-10.017737164330645,38.20000000000027
-10.007542842445195,-10.01707946612963,38.300000000000274
-10.006227446108733,-10.02135450447288,38.400000000000276
-10.00688514427594,-10.021683353579796,38.50000000000028
-10.004254351619402,-10.016750617029889,38.60000000000028
-9.99965046454929,-10.014119824250422,38.70000000000028
-10.005240898861762,-10.018723711636012,38.80000000000028
-9.99965046454929,-10.016750617029889,38.90000000000028
-10.003925502539637,-10.020696806260588,39.000000000000284
-10.007213993360311,-10.022669900903615,39.100000000000286
-10.000308162696022,-10.018394862533711,39.20000000000029
-9.9999793136224,-10.017737164330645,39.30000000000029
-10.003925502539637,-10.014448673346061,39.40000000000029
-10.002610106225703,-10.018066013431921,39.50000000000029
-10.004254351619402,-10.016750617029889,39.60000000000029
-10.002610106225703,-10.018723711636012,39.700000000000294
-10.003596653460386,-10.01740831522988,39.800000000000296
-9.99965046454929,-10.017737164330645,39.9000000000003
-10.000637011770154,-10.018394862533711,40.0000000000003
-10.005898597025897,-10.019710258945993,40.1000000000003
-10.00655629519208,-10.021683353579796,40.2000000000003
-10.004912049780463,-10.02036795715521,40.3000000000003
-10.007213993360311,-10.022012202687224,40.400000000000304
-10.008200540616498,-10.023656448232051,40.500000000000306
-10.003925502539637,-10.016092918831948,40.60000000000031
-10.005898597025897,-10.02135450447288,40.70000000000031
-10.000965860844799,-10.019381409842154,40.80000000000031
-10.000965860844799,-10.016092918831948,40.90000000000031
-10.007213993360311,-10.023656448232051,41.00000000000031
-10.005898597025897,-10.02036795715521,41.100000000000314
-10.010831333322198,-10.023985297342556,41.200000000000315
-9.998335068261971,-10.015764069733747,41.30000000000032
-10.007213993360311,-10.022012202687224,41.40000000000032
-10.008200540616498,-10.022998750012583,41.50000000000032
-10.005569747943573,-10.018066013431921,41.60000000000032
-10.001623558995625,-10.014777522442214,41.70000000000032
-10.001623558995625,-10.014119824250422,41.800000000000324
-10.003267804381645,-10.016750617029889,41.900000000000325
-10.008529389702918,-10.022341051795163,42.00000000000033
-10.008200540616498,-10.023656448232051,42.10000000000033
-9.998663917333033,-10.015764069733747,42.20000000000033
-10.000308162696022,-10.014119824250422,42.30000000000033
-10.003596653460386,-10.016421767930662,42.40000000000033
-10.007213993360311,-10.02036795715521,42.500000000000334
-10.004254351619402,-10.016750617029889,42.600000000000335
-10.003925502539637,-10.013790975155294,42.70000000000034
-9.998335068261971,-10.01740831522988,42.80000000000034
-10.001294709919955,-10.020039108050344,42.90000000000034
-10.007213993360311,-10.02332759912206,43.00000000000034
-10.003267804381645,-10.01740831522988,43.10000000000034
-10.008200540616498,-10.022341051795163,43.200000000000344
-10.004583200699676,-10.019381409842154,43.300000000000345
-10.004254351619402,-10.01740831522988,43.40000000000035
-10.005898597025897,-10.023985297342556,43.50000000000035
-10.00787169153059,-10.024314146453573,43.60000000000035
-10.002938955303417,-10.019052560738828,43.70000000000035
-10.009187087877295,-10.021683353579796,43.80000000000035
-10.008529389702918,-10.02135450447288,43.900000000000354
-10.000965860844799,-10.01707946612963,44.000000000000355
-10.001294709919955,-10.017737164330645,44.10000000000036
-9.9999793136224,-10.013790975155294,44.20000000000036
-9.99767737012138,-10.016092918831948,44.30000000000036
-9.999321615476694,-10.01707946612963,44.40000000000036
-10.006227446108733,-10.023985297342556,44.50000000000036
-10.000965860844799,-10.019052560738828,44.600000000000364
-10.010831333322198,-10.022998750012583,44.700000000000365
-10.00885823878985,-10.024314146453573,44.80000000000037
-10.002610106225703,-10.019381409842154,44.90000000000037
-10.004254351619402,-10.018066013431921,45.00000000000037
-10.00655629519208,-10.022669900903615,45.10000000000037
-10.001952408071805,-10.01707946612963,45.20000000000037
-10.00885823878985,-10.023985297342556,45.300000000000374
-10.007213993360311,-10.020696806260588,45.400000000000375
-10.007213993360311,-10.022341051795163,45.50000000000038
-10.009187087877295,-10.025629542902767,45.60000000000038
-10.005240898861762,-10.01707946612963,45.70000000000038
-9.999321615476694,-10.016421767930662,45.80000000000038
-10.006227446108733,-10.022998750012583,45.90000000000038
-10.004583200699676,-10.01740831522988,46.000000000000384
-9.9999793136224,-10.01740831522988,46.100000000000385
-10.001952408071805,-10.018723711636012,46.20000000000039
-10.004254351619402,-10.016421767930662,46.30000000000039
-10.003267804381645,-10.014777522442214,46.40000000000039
-10.00787169153059,-10.02332759912206,46.50000000000039
-10.0101736351427,-10.02332759912206,46.60000000000039
-10.010831333322198,-10.023985297342556,46.700000000000394
-10.003267804381645,-10.014448673346061,46.800000000000395
-10.008529389702918,-10.020039108050344,46.9000000000004
-10.00885823878985,-10.020696806260588,47.0000000000004
-9.998992766404607,-10.014777522442214,47.1000000000004
-9.998006219191419,-10.016750617029889,47.2000000000004
-10.0101736351427,-10.023985297342556,47.3000000000004
-10.001294709919955,-10.016750617029889,47.400000000000404
-9.99965046454929,-10.014119824250422,47.500000000000405
-9.99965046454929,-10.018066013431921,47.600000000000406
-10.004254351619402,-10.016421767930662,47.70000000000041
-10.008529389702918,-10.02332759912206,47.80000000000041
-10.003925502539637,-10.018066013431921,47.90000000000041
-10.002610106225703,-10.02036795715521,48.00000000000041
-10.00655629519208,-10.020696806260588,48.10000000000041
-10.00951593696525,-10.022669900903615,48.200000000000415
-10.008529389702918,-10.02135450447288,48.300000000000416
-10.008200540616498,-10.020039108050344,48.40000000000042
-10.003925502539637,-10.016092918831948,48.50000000000042
-9.99965046454929,-10.013462126060679,48.60000000000042
-10.002281257148498,-10.014777522442214,48.70000000000042
-10.002281257148498,-10.018066013431921,48.80000000000042
-10.004583200699676,-10.016750617029889,48.900000000000425
-10.003596653460386,-10.017737164330645,49.000000000000426
-10.005898597025897,-10.017737164330645,49.10000000000043
-10.00655629519208,-10.019381409842154,49.20000000000043
-10.002938955303417,-10.017737164330645,49.30000000000043
-10.008529389702918,-10.02135450447288,49.40000000000043
-10.004254351619402,-10.01707946612963,49.50000000000043
-10.00655629519208,-10.024314146453573,49.600000000000435
-10.004912049780463,-10.01740831522988,49.700000000000436
-9.998663917333033,-10.018723711636012,49.80000000000044
-10.007542842445195,-10.024314146453573,49.90000000000044
-10.004254351619402,-10.016092918831948,50.00000000000044
-10.00688514427594,-10.024314146453573,50.10000000000044
-10.00787169153059,-10.023985297342556,50.20000000000044
-10.001294709919955,-10.016092918831948,50.300000000000445
-9.999321615476694,-10.019381409842154,50.400000000000446
-10.001294709919955,-10.016750617029889,50.50000000000045
-9.99767737012138,-10.015435220636057,50.60000000000045
-10.00951593696525,-10.021025655366477,50.70000000000045
-10.003267804381645,-10.015764069733747,50.80000000000045
-10.000965860844799,-10.015764069733747,50.90000000000045
-10.002610106225703,-10.016750617029889,51.000000000000455
-10.001623558995625,-10.015106371538879,51.100000000000456
-10.005898597025897,-10.020696806260588,51.20000000000046
-10.00885823878985,-10.021683353579796,51.30000000000046
-10.001952408071805,-10.017737164330645,51.40000000000046
-10.00688514427594,-10.022669900903615,51.50000000000046
-10.00984478605372,-10.024971844677145,51.60000000000046
-10.009187087877295,-10.022998750012583,51.700000000000465
-10.009187087877295,-10.023985297342556,51.800000000000466
-10.00787169153059,-10.021025655366477,51.90000000000047
-10.008200540616498,-10.02135450447288,52.00000000000047
-9.998992766404607,-10.016092918831948,52.10000000000047
-10.000965860844799,-10.01740831522988,52.20000000000047
-10.000308162696022,-10.019381409842154,52.30000000000047
-9.99965046454929,-10.015106371538879,52.400000000000475
-10.007542842445195,-10.022341051795163,52.500000000000476
-10.000637011770154,-10.014777522442214,52.60000000000048
-10.000637011770154,-10.01707946612963,52.70000000000048
-10.00787169153059,-10.022012202687224,52.80000000000048
-9.998663917333033,-10.016750617029889,52.90000000000048
-10.001294709919955,-10.013462126060679,53.00000000000048
-10.007542842445195,-10.02135450447288,53.100000000000485
-9.999321615476694,-10.016421767930662,53.200000000000486
-10.003596653460386,-10.015106371538879,53.30000000000049
-9.998992766404607,-10.015106371538879,53.40000000000049
-10.004912049780463,-10.01707946612963,53.50000000000049
-10.00787169153059,-10.022012202687224,53.60000000000049
-10.00688514427594,-10.023985297342556,53.70000000000049
-10.004254351619402,-10.014119824250422,53.800000000000495
-10.000308162696022,-10.014448673346061,53.900000000000496
-10.002610106225703,-10.014777522442214,54.0000000000005
-9.998006219191419,-10.016421767930662,54.1000000000005
-10.001294709919955,-10.018066013431921,54.2000000000005
-10.001294709919955,-10.018066013431921,54.3000000000005
-10.00984478605372,-10.019710258945993,54.4000000000005
-10.002938955303417,-10.012804427872986,54.500000000000504
-10.008529389702918,-10.023985297342556,54.600000000000506
-10.003925502539637,-10.018066013431921,54.70000000000051
-10.00688514427594,-10.024314146453573,54.80000000000051
-10.002281257148498,-10.015106371538879,54.90000000000051
-9.9999793136224,-10.018723711636012,55.00000000000051
-10.000308162696022,-10.013462126060679,55.10000000000051
-9.998992766404607,-10.016421767930662,55.200000000000514
-10.004254351619402,-10.01740831522988,55.300000000000516
-10.00655629519208,-10.023985297342556,55.40000000000052
-10.000637011770154,-10.016750617029889,55.50000000000052
-10.003267804381645,-10.01740831522988,55.60000000000052
-10.000637011770154,-10.013133276966576,55.70000000000052
-10.001952408071805,-10.018394862533711,55.80000000000052
-10.002281257148498,-10.016421767930662,55.900000000000524
-10.00655629519208,-10.022998750012583,56.000000000000526
-9.9999793136224,-10.014448673346061,56.10000000000053
-10.001294709919955,-10.01707946612963,56.20000000000053
-10.006227446108733,-10.020696806260588,56.30000000000053
-10.001952408071805,-10.01707946612963,56.40000000000053
-10.006227446108733,-10.022012202687224,56.50000000000053
-10.002938955303417,-10.017737164330645,56.600000000000534
-10.002938955303417,-10.018723711636012,56.700000000000536
-10.00787169153059,-10.025629542902767,56.80000000000054
-10.001294709919955,-10.015764069733747,56.90000000000054
-10.004912049780463,-10.01740831522988,57.00000000000054
-10.004254351619402,-10.017737164330645,57.10000000000054
-9.999321615476694,-10.018723711636012,57.20000000000054
-10.004254351619402,-10.019381409842154,57.300000000000544
-10.002281257148498,-10.014777522442214,57.400000000000546
-10.000637011770154,-10.01740831522988,57.50000000000055
-9.9999793136224,-10.015106371538879,57.60000000000055
-9.998992766404607,-10.014448673346061,57.70000000000055
-10.000308162696022,-10.019052560738828,57.80000000000055
-10.002281257148498,-10.015764069733747,57.90000000000055
-9.9999793136224,-10.016750617029889,58.000000000000554
-10.000965860844799,-10.013790975155294,58.100000000000556
-10.001952408071805,-10.015106371538879,58.20000000000056
-10.00885823878985,-10.021683353579796,58.30000000000056
-9.999321615476694,-10.01707946612963,58.40000000000056
-10.00787169153059,-10.02332759912206,58.50000000000056
-10.002938955303417,-10.018723711636012,58.60000000000056
-10.001623558995625,-10.018394862533711,58.700000000000564
-9.9999793136224,-10.016092918831948,58.800000000000566
-10.001623558995625,-10.015435220636057,58.90000000000057
-10.00688514427594,-10.022012202687224,59.00000000000057
-10.001294709919955,-10.014119824250422,59.10000000000057
-10.003596653460386,-10.019710258945993,59.20000000000057
-10.005898597025897,-10.020039108050344,59.30000000000057
-9.9999793136224,-10.018066013431921,59.400000000000574
-10.005240898861762,-10.022341051795163,59.500000000000576
-10.012475578779906,-10.022341051795163,59.60000000000058
-10.002281257148498,-10.018394862533711,59.70000000000058
-10.00655629519208,-10.021025655366477,59.80000000000058
-10.003267804381645,-10.016421767930662,59.90000000000058
-9.998992766404607,-10.018066013431921,60.00000000000058
-10.00655629519208,-10.0253006937897,60.100000000000584
-10.000637011770154,-10.014119824250422,60.200000000000585
-10.003267804381645,-10.019710258945993,60.30000000000059
-10.003267804381645,-10.016750617029889,60.40000000000059
-10.00984478605372,-10.022669900903615,60.50000000000059
-10.00655629519208,-10.023656448232051,60.60000000000059
-10.001623558995625,-10.019710258945993,60.70000000000059
-10.007213993360311,-10.020696806260588,60.800000000000594
-10.006227446108733,-10.023656448232051,60.900000000000595
-10.004912049780463,-10.015764069733747,61.0000000000006
-10.003925502539637,-10.019381409842154,61.1000000000006
-10.007213993360311,-10.022669900903615,61.2000000000006
-9.999321615476694,-10.014448673346061,61.3000000000006
-10.00885823878985,-10.023985297342556,61.4000000000006
-10.001294709919955,-10.018066013431921,61.500000000000604
-10.00688514427594,-10.02135450447288,61.600000000000605
-10.00951593696525,-10.022012202687224,61.70000000000061
-9.9999793136224,-10.019052560738828,61.80000000000061
-10.004583200699676,-10.018066013431921,61.90000000000061
-9.999321615476694,-10.018394862533711,62.00000000000061
-10.001952408071805,-10.015106371538879,62.10000000000061
-10.003925502539637,-10.01707946612963,62.200000000000614
-10.00655629519208,-10.022012202687224,62.300000000000615
-10.003596653460386,-10.016750617029889,62.40000000000062
-9.9999793136224,-10.020039108050344,62.50000000000062
-10.00787169153059,-10.021025655366477,62.60000000000062
-9.9999793136224,-10.019381409842154,62.70000000000062
-10.00885823878985,-10.024642995565102,62.80000000000062
-10.00655629519208,-10.022012202687224,62.900000000000624
-10.001952408071805,-10.01740831522988,63.000000000000625
-10.000965860844799,-10.018394862533711,63.10000000000063
-10.000308162696022,-10.01740831522988,63.20000000000063
-10.001952408071805,-10.018066013431921,63.30000000000063
-10.007542842445195,-10.022012202687224,63.40000000000063
-10.008200540616498,-10.023985297342556,63.50000000000063
-9.99965046454929,-10.014777522442214,63.600000000000634
-10.00688514427594,-10.022341051795163,63.700000000000635
-10.005240898861762,-10.02036795715521,63.80000000000064
-9.99965046454929,-10.014777522442214,63.90000000000064
-10.006227446108733,-10.020039108050344,64.00000000000064
-10.00655629519208,-10.02135450447288,64.10000000000063
-10.00688514427594,-10.021683353579796,64.20000000000063
-10.007542842445195,-10.02135450447288,64.30000000000062
-10.002281257148498,-10.013133276966576,64.40000000000062
-10.001294709919955,-10.017737164330645,64.50000000000061
-9.9999793136224,-10.016750617029889,64.6000000000006
-10.008529389702918,-10.024642995565102,64.7000000000006
-10.004912049780463,-10.018066013431921,64.8000000000006
-10.004254351619402,-10.01740831522988,64.90000000000059
-10.002938955303417,-10.018394862533711,65.00000000000058
-10.006227446108733,-10.024971844677145,65.10000000000058
-10.004254351619402,-10.016421767930662,65.20000000000057
-10.007213993360311,-10.019381409842154,65.30000000000057
-10.00951593696525,-10.02135450447288,65.40000000000056
-10.00885823878985,-10.023985297342556,65.50000000000055
-10.00688514427594,-10.022341051795163,65.60000000000055
-10.011817880595286,-10.021683353579796,65.70000000000054
-10.007542842445195,-10.02332759912206,65.80000000000054
-10.004583200699676,-10.016092918831948,65.90000000000053
-10.014448673346061,-10.013462126060679,66.00000000000053
-10.00787169153059,-10.021683353579796,66.10000000000052
-10.010502484232193,-10.022998750012583,66.20000000000051
-10.008200540616498,-10.020039108050344,66.30000000000051
-10.000637011770154,-10.017737164330645,66.4000000000005
-10.00655629519208,-10.023985297342556,66.5000000000005
-10.000308162696022,-10.018066013431921,66.60000000000049
-10.00984478605372,-10.02036795715521,66.70000000000049
-10.004254351619402,-10.020039108050344,66.80000000000048
-10.008529389702918,-10.022341051795163,66.90000000000047
-9.998006219191419,-10.016421767930662,67.00000000000047
-10.002938955303417,-10.017737164330645,67.10000000000046
-10.007542842445195,-10.019710258945993,67.20000000000046
-9.998992766404607,-10.016750617029889,67.30000000000045
-10.007213993360311,-10.021683353579796,67.40000000000045
-9.999321615476694,-10.014777522442214,67.50000000000044
-10.003596653460386,-10.016092918831948,67.60000000000043
-10.007213993360311,-10.019710258945993,67.70000000000043
-10.003925502539637,-10.02135450447288,67.80000000000042
-10.005240898861762,-10.019710258945993,67.90000000000042
-10.006227446108733,-10.02135450447288,68.00000000000041
-10.005898597025897,-10.02332759912206,68.1000000000004
-10.00655629519208,-10.023985297342556,68.2000000000004
-10.00655629519208,-10.022341051795163,68.3000000000004
-10.000965860844799,-10.018394862533711,68.40000000000039
-10.000308162696022,-10.016421767930662,68.50000000000038
-10.00688514427594,-10.022341051795163,68.60000000000038
-10.003925502539637,-10.018723711636012,68.70000000000037
-10.006227446108733,-10.02332759912206,68.80000000000037
-9.99965046454929,-10.013133276966576,68.90000000000036
-10.003925502539637,-10.018066013431921,69.00000000000036
-10.007213993360311,-10.022012202687224,69.10000000000035
-10.003267804381645,-10.01740831522988,69.20000000000034
-10.000637011770154,-10.01707946612963,69.30000000000034
-10.003596653460386,-10.020039108050344,69.40000000000033
-10.002281257148498,-10.017737164330645,69.50000000000033
-10.000308162696022,-10.018394862533711,69.60000000000032
-10.00984478605372,-10.022341051795163,69.70000000000032
-10.010502484232193,-10.024314146453573,69.80000000000031
-10.00787169153059,-10.023656448232051,69.9000000000003
-10.003267804381645,-10.019381409842154,70.0000000000003
-9.9999793136224,-10.014777522442214,70.10000000000029
-10.007542842445195,-10.02135450447288,70.20000000000029
-10.001623558995625,-10.015435220636057,70.30000000000028
-10.000637011770154,-10.013462126060679,70.40000000000028
-10.002938955303417,-10.018066013431921,70.50000000000027
-10.000637011770154,-10.018394862533711,70.60000000000026
-9.99965046454929,-10.01707946612963,70.70000000000026
-10.00951593696525,-10.02332759912206,70.80000000000025
-10.003925502539637,-10.01740831522988,70.90000000000025
-10.00885823878985,-10.020696806260588,71.00000000000024
-10.005240898861762,-10.022012202687224,71.10000000000024
-10.005569747943573,-10.019710258945993,71.20000000000023
-10.000308162696022,-10.013462126060679,71.30000000000022
-10.00787169153059,-10.022998750012583,71.40000000000022
-10.005898597025897,-10.022012202687224,71.50000000000021
-10.003925502539637,-10.015764069733747,71.60000000000021
-10.004254351619402,-10.014448673346061,71.7000000000002
-10.006227446108733,-10.02135450447288,71.8000000000002
-10.009187087877295,-10.024314146453573,71.90000000000019
-10.005569747943573,-10.019710258945993,72.00000000000018
-9.99965046454929,-10.013790975155294,72.10000000000018
-10.005569747943573,-10.02036795715521,72.20000000000017
-10.009187087877295,-10.024971844677145,72.30000000000017
-10.008200540616498,-10.021683353579796,72.40000000000016
-9.9999793136224,-10.012804427872986,72.50000000000016
-10.00655629519208,-10.02332759912206,72.60000000000015
-10.006227446108733,-10.02332759912206,72.70000000000014
-9.999321615476694,-10.019381409842154,72.80000000000014
-10.001294709919955,-10.018394862533711,72.90000000000013
-10.00951593696525,-10.023985297342556,73.00000000000013
-9.9999793136224,-10.014777522442214,73.10000000000012
-10.000965860844799,-10.013133276966576,73.20000000000012
-10.002938955303417,-10.015435220636057,73.30000000000011
-10.004912049780463,-10.01707946612963,73.4000000000001
-9.999321615476694,-10.019381409842154,73.5000000000001
-10.001294709919955,-10.014448673346061,73.6000000000001
-10.005240898861762,-10.01707946612963,73.70000000000009
-10.004254351619402,-10.018394862533711,73.80000000000008
-10.004254351619402,-10.016092918831948,73.90000000000008
-9.99965046454929,-10.016092918831948,74.00000000000007
-10.002610106225703,-10.015764069733747,74.10000000000007
-10.006227446108733,-10.01707946612963,74.20000000000006
-10.008200540616498,-10.022998750012583,74.30000000000005
-10.001294709919955,-10.015106371538879,74.40000000000005
-9.9999793136224,-10.013790975155294,74.50000000000004
-10.005240898861762,-10.016750617029889,74.60000000000004
-9.9999793136224,-10.015435220636057,74.70000000000003
-10.000965860844799,-10.017737164330645,74.80000000000003
-10.004583200699676,-10.01740831522988,74.90000000000002
-10.008529389702918,-10.020696806260588,75.00000000000001
-10.008529389702918,-10.022012202687224,75.10000000000001
-10.005898597025897,-10.023656448232051,75.2
-10.001294709919955,-10.014119824250422,75.3
-10.00655629519208,-10.021025655366477,75.39999999999999
-10.002938955303417,-10.015764069733747,75.49999999999999
-10.001294709919955,-10.01740831522988,75.59999999999998
-10.006227446108733,-10.023985297342556,75.69999999999997
-10.00787169153059,-10.022012202687224,75.79999999999997
-10.007542842445195,-10.022012202687224,75.89999999999996
-10.007213993360311,-10.023985297342556,75.99999999999996
-10.00885823878985,-10.024642995565102,76.09999999999995
-10.003596653460386,-10.016092918831948,76.19999999999995
-9.998992766404607,-10.01707946612963,76.29999999999994
-10.004254351619402,-10.015435220636057,76.39999999999993
-10.007542842445195,-10.021025655366477,76.49999999999993
-10.007213993360311,-10.023656448232051,76.59999999999992
-10.007213993360311,-10.022998750012583,76.69999999999992
-10.004583200699676,-10.019381409842154,76.79999999999991
-10.003596653460386,-10.015764069733747,76.8999999999999
-10.003925502539637,-10.017737164330645,76.9999999999999
-9.9999793136224,-10.017737164330645,77.0999999999999
-9.998992766404607,-10.015435220636057,77.19999999999989
-10.003925502539637,-10.015764069733747,77.29999999999988
-10.001294709919955,-10.017737164330645,77.39999999999988
-10.001952408071805,-10.018723711636012,77.49999999999987
-10.004583200699676,-10.022012202687224,77.59999999999987
-10.001623558995625,-10.017737164330645,77.69999999999986
-10.007213993360311,-10.019381409842154,77.79999999999986
-10.005240898861762,-10.018394862533711,77.89999999999985
-10.003267804381645,-10.016750617029889,77.99999999999984
-10.004912049780463,-10.016092918831948,78.09999999999984
-10.00787169153059,-10.022669900903615,78.19999999999983
-10.00655629519208,-10.022998750012583,78.29999999999983
-10.000637011770154,-10.014777522442214,78.39999999999982
-10.00951593696525,-10.023656448232051,78.49999999999982
-10.001623558995625,-10.013790975155294,78.59999999999981
-10.005240898861762,-10.01740831522988,78.6999999999998
-9.9999793136224,-10.019710258945993,78.7999999999998
-10.00688514427594,-10.024971844677145,78.89999999999979
-9.9999793136224,-10.020039108050344,78.99999999999979
-10.003267804381645,-10.018066013431921,79.09999999999978
-10.001294709919955,-10.018723711636012,79.19999999999978
-10.000637011770154,-10.015435220636057,79.29999999999977
-10.005240898861762,-10.01707946612963,79.39999999999976
-10.006227446108733,-10.021025655366477,79.49999999999976
-10.00787169153059,-10.021025655366477,79.59999999999975
-10.001623558995625,-10.014777522442214,79.69999999999975
-10.00688514427594,-10.02135450447288,79.79999999999974
-10.000308162696022,-10.013462126060679,79.89999999999974
-10.00655629519208,-10.024642995565102,79.99999999999973
-10.00885823878985,-10.021025655366477,80.09999999999972
-10.008200540616498,-10.022669900903615,80.19999999999972
-10.000965860844799,-10.019381409842154,80.29999999999971
-10.00787169153059,-10.020696806260588,80.39999999999971
-10.000637011770154,-10.013790975155294,80.4999999999997
-10.004254351619402,-10.019052560738828,80.5999999999997
-10.007213993360311,-10.021025655366477,80.69999999999969
-10.003925502539637,-10.020039108050344,80.79999999999968
-10.010502484232193,-10.022998750012583,80.89999999999968
-10.002281257148498,-10.016421767930662,80.99999999999967
-10.00787169153059,-10.021025655366477,81.09999999999967
-10.000965860844799,-10.018066013431921,81.19999999999966
-10.00787169153059,-10.022341051795163,81.29999999999966
-9.999321615476694,-10.019052560738828,81.39999999999965
-10.006227446108733,-10.024642995565102,81.49999999999964
-10.004254351619402,-10.018723711636012,81.59999999999964
-10.00688514427594,-10.022341051795163,81.69999999999963
-10.007542842445195,-10.02036795715521,81.79999999999963
-10.004254351619402,-10.019710258945993,81.89999999999962
-10.00885823878985,-10.020696806260588,81.99999999999962
-10.00688514427594,-10.020696806260588,82.09999999999961
-10.000965860844799,-10.014777522442214,82.1999999999996
-10.00688514427594,-10.018066013431921,82.2999999999996
-10.005240898861762,-10.020696806260588,82.3999999999996
-10.005240898861762,-10.01740831522988,82.49999999999959
-10.007542842445195,-10.022341051795163,82.59999999999958
-10.005240898861762,-10.023656448232051,82.69999999999958
-10.005898597025897,-10.02036795715521,82.79999999999957
-10.00951593696525,-10.014448673346061,82.89999999999957
-10.000965860844799,-10.017737164330645,82.99999999999956
-10.001623558995625,-10.015435220636057,83.09999999999955
-9.998663917333033,-10.017737164330645,83.19999999999955
-10.0101736351427,-10.022669900903615,83.29999999999954
-10.004254351619402,-10.016750617029889,83.39999999999954
-10.00885823878985,-10.022341051795163,83.49999999999953
-10.001294709919955,-10.019052560738828,83.59999999999953
-10.009187087877295,-10.023985297342556,83.69999999999952
-10.001623558995625,-10.016750617029889,83.79999999999951
-10.005569747943573,-10.021025655366477,83.89999999999951
-10.008529389702918,-10.0253006937897,83.9999999999995
-10.001623558995625,-10.01707946612963,84.0999999999995
-9.998663917333033,-10.014448673346061,84.19999999999949
-10.004583200699676,-10.019381409842154,84.29999999999949
-9.997019671982837,-10.018394862533711,84.39999999999948
-10.007213993360311,-10.02036795715521,84.49999999999947
-10.004583200699676,-10.018394862533711,84.59999999999947
-10.00655629519208,-10.024314146453573,84.69999999999946
-10.003267804381645,-10.017737164330645,84.79999999999946
-10.004583200699676,-10.017737164330645,84.89999999999945
-10.0101736351427,-10.024314146453573,84.99999999999945
-10.00688514427594,-10.024642995565102,85.09999999999944
-10.00655629519208,-10.020696806260588,85.19999999999943
-10.001623558995625,-10.019052560738828,85.29999999999943
-10.008529389702918,-10.023656448232051,85.39999999999942
-9.99965046454929,-10.016092918831948,85.49999999999942
-10.003596653460386,-10.016092918831948,85.59999999999941
-10.004912049780463,-10.017737164330645,85.6999999999994
-10.002610106225703,-10.015764069733747,85.7999999999994
-9.99965046454929,-10.016092918831948,85.8999999999994
-10.002610106225703,-10.015764069733747,85.99999999999939
-9.99965046454929,-10.016421767930662,86.09999999999938
-10.005898597025897,-10.020696806260588,86.19999999999938
-9.99965046454929,-10.015435220636057,86.29999999999937
-10.001952408071805,-10.018394862533711,86.39999999999937
-10.00885823878985,-10.02135450447288,86.49999999999936
-10.007542842445195,-10.019710258945993,86.59999999999935
-10.00688514427594,-10.023985297342556,86.69999999999935
-10.00688514427594,-10.023985297342556,86.79999999999934
-10.007213993360311,-10.021683353579796,86.89999999999934
-10.005240898861762,-10.024314146453573,86.99999999999933
-10.006227446108733,-10.023656448232051,87.09999999999933
-10.004254351619402,-10.01740831522988,87.19999999999932
-10.000308162696022,-10.018394862533711,87.29999999999932
-10.001623558995625,-10.019052560738828,87.39999999999931
-10.001623558995625,-10.018394862533711,87.4999999999993
-10.003596653460386,-10.017737164330645,87.5999999999993
-10.003596653460386,-10.018394862533711,87.69999999999929
-10.004912049780463,-10.020696806260588,87.79999999999929
-10.00688514427594,-10.024314146453573,87.89999999999928
-10.004254351619402,-10.016750617029889,87.99999999999928
-10.002610106225703,-10.018394862533711,88.09999999999927
-10.002610106225703,-10.020039108050344,88.19999999999926
-10.00655629519208,-10.022012202687224,88.29999999999926
-10.00885823878985,-10.023656448232051,88.39999999999925
-10.003925502539637,-10.015106371538879,88.49999999999925
-9.999321615476694,-10.01740831522988,88.59999999999924
-10.001294709919955,-10.018394862533711,88.69999999999924
-10.000965860844799,-10.015106371538879,88.79999999999923
-10.008200540616498,-10.023656448232051,88.89999999999922
-10.00655629519208,-10.019052560738828,88.99999999999922
-10.000965860844799,-10.017737164330645,89.09999999999921
-10.003925502539637,-10.01707946612963,89.1999999999992
-10.0101736351427,-10.023985297342556,89.2999999999992
-10.006227446108733,-10.020696806260588,89.3999999999992
-10.008529389702918,-10.022669900903615,89.49999999999919
-9.996361973846339,-10.023656448232051,89.59999999999918
-10.00984478605372,-10.022012202687224,89.69999999999918
-10.00984478605372,-10.024971844677145,89.79999999999917
-10.00951593696525,-10.022341051795163,89.89999999999917
-10.003596653460386,-10.018066013431921,89.99999999999916
-10.007213993360311,-10.022012202687224,90.09999999999916
-10.002281257148498,-10.018394862533711,90.19999999999915
-10.007213993360311,-10.024971844677145,90.29999999999914
-9.99965046454929,-10.014448673346061,90.39999999999914
-10.006227446108733,-10.019052560738828,90.49999999999913
-10.002938955303417,-10.017737164330645,90.59999999999913
-10.005240898861762,-10.02135450447288,90.69999999999912
-10.00885823878985,-10.02332759912206,90.79999999999912
-10.006227446108733,-10.02036795715521,90.89999999999911
-10.004583200699676,-10.019052560738828,90.9999999999991
-10.001952408071805,-10.016750617029889,91.0999999999991
-10.001623558995625,-10.018066013431921,91.1999999999991
-10.005569747943573,-10.01740831522988,91.29999999999909
-10.005240898861762,-10.019052560738828,91.39999999999908
-9.99965046454929,-10.019381409842154,91.49999999999908
-10.000308162696022,-10.019381409842154,91.59999999999907
-10.00885823878985,-10.022012202687224,91.69999999999906
-10.007213993360311,-10.02135450447288,91.79999999999906
-10.00688514427594,-10.020696806260588,91.89999999999905
-10.004583200699676,-10.019052560738828,91.99999999999905
-10.008200540616498,-10.02135450447288,92.09999999999904
-10.002938955303417,-10.019710258945993,92.19999999999904
-10.00688514427594,-10.020696806260588,92.29999999999903
-10.004912049780463,-10.018394862533711,92.39999999999903
-10.000965860844799,-10.018066013431921,92.49999999999902
-10.004583200699676,-10.01707946612963,92.59999999999901
-10.013462126060679,-10.02332759912206,92.69999999999901
-10.008200540616498,-10.022669900903615,92.799999999999
-10.000308162696022,-10.014119824250422,92.899999999999
-10.000637011770154,-10.01707946612963,92.99999999999899
-10.003596653460386,-10.01214672968734,93.09999999999899
-10.004912049780463,-10.016092918831948,93.19999999999898
-10.00688514427594,-10.023656448232051,93.29999999999897
-10.003925502539637,-10.018723711636012,93.39999999999897
-10.00655629519208,-10.023985297342556,93.49999999999896
-10.000965860844799,-10.02036795715521,93.59999999999896
-10.00688514427594,-10.023985297342556,93.69999999999895
-10.003267804381645,-10.01707946612963,93.79999999999895
-10.007542842445195,-10.021683353579796,93.89999999999894
-10.000637011770154,-10.01740831522988,93.99999999999893
-10.00655629519208,-10.0253006937897,94.09999999999893
-10.001623558995625,-10.018394862533711,94.19999999999892
-10.000308162696022,-10.01740831522988,94.29999999999892
-10.004254351619402,-10.015435220636057,94.39999999999891
-10.003925502539637,-10.017737164330645,94.4999999999989
-10.001623558995625,-10.018066013431921,94.5999999999989
-10.005240898861762,-10.016421767930662,94.6999999999989
-10.001294709919955,-10.016750617029889,94.79999999999889
-9.998663917333033,-10.019381409842154,94.89999999999888
-10.003267804381645,-10.018066013431921,94.99999999999888
-10.005569747943573,-10.017737164330645,95.09999999999887
-10.003267804381645,-10.016750617029889,95.19999999999887
-10.00655629519208,-10.023656448232051,95.29999999999886
-9.999321615476694,-10.01740831522988,95.39999999999885
-10.000308162696022,-10.017737164330645,95.49999999999885
-10.005569747943573,-10.020039108050344,95.59999999999884
-9.998992766404607,-10.014777522442214,95.69999999999884
-10.00984478605372,-10.023656448232051,95.79999999999883
-10.000637011770154,-10.019381409842154,95.89999999999883
-10.00951593696525,-10.023985297342556,95.99999999999882
-10.00885823878985,-10.021683353579796,96.09999999999881
-10.005569747943573,-10.017737164330645,96.19999999999881
-10.004583200699676,-10.017737164330645,96.2999999999988
-10.009187087877295,-10.023656448232051,96.3999999999988
-10.00688514427594,-10.021683353579796,96.49999999999879
-10.007213993360311,-10.02332759912206,96.59999999999879
-10.0101736351427,-10.024642995565102,96.69999999999878
-10.00984478605372,-10.02332759912206,96.79999999999878
-10.005569747943573,-10.023656448232051,96.89999999999877
-10.005569747943573,-10.023985297342556,96.99999999999876
-10.004912049780463,-10.020039108050344,97.09999999999876
-10.000308162696022,-10.020039108050344,97.19999999999875
-10.000965860844799,-10.018066013431921,97.29999999999875
-10.000308162696022,-10.013462126060679,97.39999999999874
-10.002938955303417,-10.013462126060679,97.49999999999874
-10.005898597025897,-10.021025655366477,97.59999999999873
-10.001294709919955,-10.014777522442214,97.69999999999872
-10.008200540616498,-10.023656448232051,97.79999999999872
-10.00688514427594,-10.02135450447288,97.89999999999871
-10.001623558995625,-10.017737164330645,97.9999999999987
-10.007542842445195,-10.021025655366477,98.0999999999987
-10.006227446108733,-10.024642995565102,98.1999999999987
-10.003596653460386,-10.01707946612963,98.29999999999869
-9.998992766404607,-10.015435220636057,98.39999999999868
-10.004912049780463,-10.019710258945993,98.49999999999868
-10.004254351619402,-10.017737164330645,98.59999999999867
-10.005240898861762,-10.01740831522988,98.69999999999867
-9.998992766404607,-10.014448673346061,98.79999999999866
-10.00787169153059,-10.019381409842154,98.89999999999866
-10.004583200699676,-10.01740831522988,98.99999999999865
-10.004912049780463,-10.015764069733747,99.09999999999864
-10.00787169153059,-10.020039108050344,99.19999999999864
-10.00655629519208,-10.021683353579796,99.29999999999863
-10.002610106225703,-10.018066013431921,99.39999999999863
-10.007213993360311,-10.022669900903615,99.49999999999862
-10.00885823878985,-10.02332759912206,99.59999999999862
-10.001294709919955,-10.01740831522988,99.69999999999861
-10.000308162696022,-10.019381409842154,99.7999999999986
-10.002610106225703,-10.017737164330645,99.8999999999986
-10.008200540616498,-10.02036795715521,99.9999999999986
-9.999321615476694,-10.01707946612963,100.09999999999859
-10.001294709919955,-10.018394862533711,100.19999999999858
-10.00655629519208,-10.020696806260588,100.29999999999858
-10.001294709919955,-10.013790975155294,100.39999999999857
-10.005898597025897,-10.020696806260588,100.49999999999856
-10.00688514427594,-10.022998750012583,100.59999999999856
-10.008200540616498,-10.021025655366477,100.69999999999855
-9.998992766404607,-10.014448673346061,100.79999999999855
-10.003267804381645,-10.016750617029889,100.89999999999854
-9.99965046454929,-10.018066013431921,100.99999999999854
-10.006227446108733,-10.021683353579796,101.09999999999853
-10.00951593696525,-10.0253006937897,101.19999999999852
-10.000308162696022,-10.013133276966576,101.29999999999852
-10.007213993360311,-10.019710258945993,101.39999999999851
-10.007542842445195,-10.021025655366477,101.49999999999851
-10.006227446108733,-10.021683353579796,101.5999999999985
-10.007542842445195,-10.02135450447288,101.6999999999985
-10.002610106225703,-10.018394862533711,101.79999999999849
-10.000637011770154,-10.016421767930662,101.89999999999849
-10.00787169153059,-10.02036795715521,101.99999999999848
-10.004912049780463,-10.015764069733747,102.09999999999847
-10.002938955303417,-10.015764069733747,102.19999999999847
-10.003925502539637,-10.01740831522988,102.29999999999846
-10.008529389702918,-10.022669900903615,102.39999999999846
-10.004912049780463,-10.018723711636012,102.49999999999845
-10.007213993360311,-10.02332759912206,102.59999999999845
-10.004583200699676,-10.01707946612963,102.69999999999844
-10.004254351619402,-10.018394862533711,102.79999999999843
-10.008200540616498,-10.023985297342556,102.89999999999843
-9.998335068261971,-10.014777522442214,102.99999999999842
-9.999321615476694,-10.019052560738828,103.09999999999842
-10.006227446108733,-10.022012202687224,103.19999999999841
-10.00984478605372,-10.023985297342556,103.2999999999984
-10.007213993360311,-10.02332759912206,103.3999999999984
-10.00984478605372,-10.020039108050344,103.4999999999984
-10.008200540616498,-10.022669900903615,103.59999999999839
-10.010831333322198,-10.023985297342556,103.69999999999838
-9.999321615476694,-10.017737164330645,103.79999999999838
-10.001623558995625,-10.016092918831948,103.89999999999837
-10.007213993360311,-10.02135450447288,103.99999999999837
-10.004254351619402,-10.018066013431921,104.09999999999836
-10.000308162696022,-10.013462126060679,104.19999999999835
-10.005898597025897,-10.018066013431921,104.29999999999835
-10.002281257148498,-10.015764069733747,104.39999999999834
-10.00885823878985,-10.015106371538879,104.49999999999834
-10.00655629519208,-10.023656448232051,104.59999999999833
-10.005240898861762,-10.017737164330645,104.69999999999833
-10.001952408071805,-10.014119824250422,104.79999999999832
-10.005898597025897,-10.016750617029889,104.89999999999831
-10.00787169153059,-10.02135450447288,104.99999999999831
-10.002938955303417,-10.020039108050344,105.0999999999983
-10.00885823878985,-10.023985297342556,105.1999999999983
-10.00655629519208,-10.02036795715521,105.29999999999829
-10.005569747943573,-10.020039108050344,105.39999999999829
-10.00655629519208,-10.021025655366477,105.49999999999828
-10.00688514427594,-10.022341051795163,105.59999999999827
-10.00688514427594,-10.020696806260588,105.69999999999827
-10.003596653460386,-10.01740831522988,105.79999999999826
-10.005898597025897,-10.022341051795163,105.89999999999826
-10.007542842445195,-10.018723711636012,105.99999999999825
-9.99965046454929,-10.01740831522988,106.09999999999825
-10.003925502539637,-10.017737164330645,106.19999999999824
-9.9999793136224,-10.016421767930662,106.29999999999824
-10.000637011770154,-10.019710258945993,106.39999999999823
-10.00688514427594,-10.022669900903615,106.49999999999822
-10.000965860844799,-10.019052560738828,106.59999999999822
-10.004912049780463,-10.019710258945993,106.69999999999821
-10.002938955303417,-10.014119824250422,106.7999999999982
-9.998335068261971,-10.013790975155294,106.8999999999982
-10.008200540616498,-10.02135450447288,106.9999999999982
-10.005898597025897,-10.020039108050344,107.09999999999819
-10.003267804381645,-10.016750617029889,107.19999999999818
-10.002281257148498,-10.017737164330645,107.29999999999818
-10.00655629519208,-10.0253006937897,107.39999999999817
-9.998663917333033,-10.016092918831948,107.49999999999817
-10.008200540616498,-10.022341051795163,107.59999999999816
-10.005240898861762,-10.017737164330645,107.69999999999816
-9.997019671982837,-10.02595839201635,107.79999999999815
-10.00984478605372,-10.024642995565102,107.89999999999814
-10.000308162696022,-10.020039108050344,107.99999999999814
-10.004254351619402,-10.016421767930662,108.09999999999813
-10.002281257148498,-10.017737164330645,108.19999999999813
-10.006227446108733,-10.022998750012583,108.29999999999812
-10.000308162696022,-10.014448673346061,108.39999999999812
-10.000308162696022,-10.019710258945993,108.49999999999811
-10.001623558995625,-10.019710258945993,108.5999999999981
-10.007213993360311,-10.022998750012583,108.6999999999981
-10.00688514427594,-10.021025655366477,108.7999999999981
-10.005569747943573,-10.018394862533711,108.89999999999809
-10.006227446108733,-10.018394862533711,108.99999999999808
-10.008200540616498,-10.024314146453573,109.09999999999808
-9.99965046454929,-10.016421767930662,109.19999999999807
-10.004254351619402,-10.015764069733747,109.29999999999806
-10.008200540616498,-10.02135450447288,109.39999999999806
-10.001623558995625,-10.020696806260588,109.49999999999805
-10.001294709919955,-10.014777522442214,109.59999999999805
-10.00787169153059,-10.024642995565102,109.69999999999804
-10.001952408071805,-10.01740831522988,109.79999999999804
-10.005898597025897,-10.023985297342556,109.89999999999803
-10.00688514427594,-10.022341051795163,109.99999999999802
-10.008200540616498,-10.023985297342556,110.09999999999802
-10.005240898861762,-10.016750617029889,110.19999999999801
-10.005898597025897,-10.017737164330645,110.29999999999801
-9.998992766404607,-10.01707946612963,110.399999999998
-9.99767737012138,-10.016421767930662,110.499999999998
-10.002281257148498,-10.014119824250422,110.59999999999799
-10.000637011770154,-10.01740831522988,110.69999999999798
-10.007213993360311,-10.022341051795163,110.79999999999798
-9.998335068261971,-10.015435220636057,110.89999999999797
-9.998992766404607,-10.015435220636057,110.99999999999797
-10.004912049780463,-10.013462126060679,111.09999999999796
-10.006227446108733,-10.020039108050344,111.19999999999796
-10.004254351619402,-10.01707946612963,111.29999999999795
-10.000308162696022,-10.02036795715521,111.39999999999795
-10.004254351619402,-10.02036795715521,111.49999999999794
-10.008529389702918,-10.024314146453573,111.59999999999793
-10.001294709919955,-10.018723711636012,111.69999999999793
-10.00655629519208,-10.022669900903615,111.79999999999792
-10.005898597025897,-10.018394862533711,111.89999999999792
-10.005569747943573,-10.02036795715521,111.99999999999791
-9.99965046454929,-10.019052560738828,112.0999999999979
-10.004583200699676,-10.012804427872986,112.1999999999979
-10.002610106225703,-10.018066013431921,112.2999999999979
-10.007213993360311,-10.023656448232051,112.39999999999789
-10.000308162696022,-10.015764069733747,112.49999999999788
-10.004254351619402,-10.01740831522988,112.59999999999788
-10.000637011770154,-10.014119824250422,112.69999999999787
-9.99965046454929,-10.013133276966576,112.79999999999787
-10.003596653460386,-10.01740831522988,112.89999999999786
-9.998663917333033,-10.013462126060679,112.99999999999785
-10.003596653460386,-10.019381409842154,113.09999999999785
-9.9999793136224,-10.015435220636057,113.19999999999784
-10.008529389702918,-10.021025655366477,113.29999999999784
-10.003925502539637,-10.017737164330645,113.39999999999783
-10.000308162696022,-10.018723711636012,113.49999999999783
-10.00688514427594,-10.022341051795163,113.59999999999782
-10.003925502539637,-10.018394862533711,113.69999999999781
-10.002938955303417,-10.01707946612963,113.79999999999781
-10.003267804381645,-10.014119824250422,113.8999999999978
-10.002281257148498,-10.01707946612963,113.9999999999978
-10.00655629519208,-10.021025655366477,114.09999999999779
-10.005240898861762,-10.020039108050344,114.19999999999779
-9.998992766404607,-10.01740831522988,114.29999999999778
-10.001623558995625,-10.019052560738828,114.39999999999777
-10.011489031503745,-10.023985297342556,114.49999999999777
-10.00655629519208,-10.019710258945993,114.59999999999776
-10.004912049780463,-10.016092918831948,114.69999999999776
-10.0101736351427,-10.023985297342556,114.79999999999775
-10.003925502539637,-10.017737164330645,114.89999999999775
-10.004254351619402,-10.018394862533711,114.99999999999774
-10.002938955303417,-10.012475578779906,115.09999999999773
-10.005898597025897,-10.01740831522988,115.19999999999773
-10.000965860844799,-10.017737164330645,115.29999999999772
-10.000637011770154,-10.016750617029889,115.39999999999772
-10.00951593696525,-10.024314146453573,115.49999999999771
-10.001294709919955,-10.01740831522988,115.5999999999977
-10.003596653460386,-10.018394862533711,115.6999999999977
-10.001952408071805,-10.014119824250422,115.7999999999977
-10.002610106225703,-10.015106371538879,115.89999999999769
-10.00787169153059,-10.022012202687224,115.99999999999768
-10.00655629519208,-10.023656448232051,116.09999999999768
-10.003267804381645,-10.01740831522988,116.19999999999767
-10.000637011770154,-10.020039108050344,116.29999999999767
-10.008200540616498,-10.021025655366477,116.39999999999766
-10.005898597025897,-10.024314146453573,116.49999999999766
-10.008200540616498,-10.022669900903615,116.59999999999765
-10.004583200699676,-10.01707946612963,116.69999999999764
-10.002281257148498,-10.013133276966576,116.79999999999764
-10.007542842445195,-10.02135450447288,116.89999999999763
-10.004254351619402,-10.01740831522988,116.99999999999763
-9.9999793136224,-10.017737164330645,117.09999999999762
-10.000637011770154,-10.01707946612963,117.19999999999762
-10.00655629519208,-10.024971844677145,117.29999999999761
-10.002938955303417,-10.014119824250422,117.3999999999976
-10.00787169153059,-10.022012202687224,117.4999999999976
-10.00655629519208,-10.021025655366477,117.59999999999759
-10.00655629519208,-10.02332759912206,117.69999999999759
-10.003925502539637,-10.019052560738828,117.79999999999758
-10.003925502539637,-10.019381409842154,117.89999999999758
-10.00984478605372,-10.022341051795163,117.99999999999757
-10.003596653460386,-10.018723711636012,118.09999999999756
-10.004254351619402,-10.01740831522988,118.19999999999756
-10.003267804381645,-10.017737164330645,118.29999999999755
-10.00688514427594,-10.020039108050344,118.39999999999755
-10.007542842445195,-10.021025655366477,118.49999999999754
-10.008200540616498,-10.024971844677145,118.59999999999754
-10.010502484232193,-10.023985297342556,118.69999999999753
-9.99965046454929,-10.019381409842154,118.79999999999752
-10.004254351619402,-10.01740831522988,118.89999999999752
-10.003596653460386,-10.020039108050344,118.99999999999751
-10.00655629519208,-10.020696806260588,119.09999999999751
-10.004254351619402,-10.016092918831948,119.1999999999975
-10.001952408071805,-10.01707946612963,119.2999999999975
-10.004583200699676,-10.01707946612963,119.39999999999749
-10.00688514427594,-10.022341051795163,119.49999999999748
-10.005569747943573,-10.019710258945993,119.59999999999748
-10.00688514427594,-10.02135450447288,119.69999999999747
-10.005898597025897,-10.019052560738828,119.79999999999747
-10.000965860844799,-10.018066013431921,119.89999999999746
-10.000637011770154,-10.01740831522988,119.99999999999746
-10.008529389702918,-10.022998750012583,120.09999999999745
-10.004254351619402,-10.01740831522988,120.19999999999744
-10.005240898861762,-10.016421767930662,120.29999999999744
-10.007542842445195,-10.021025655366477,120.39999999999743
-10.001294709919955,-10.018723711636012,120.49999999999743
-10.00787169153059,-10.0253006937897,120.59999999999742
-10.003267804381645,-10.015435220636057,120.69999999999742
-10.007542842445195,-10.022341051795163,120.79999999999741
-10.003267804381645,-10.016092918831948,120.8999999999974
-10.005898597025897,-10.020039108050344,120.9999999999974
-10.004912049780463,-10.015106371538879,121.0999999999974
-10.010502484232193,-10.024971844677145,121.19999999999739
-10.003596653460386,-10.016750617029889,121.29999999999738
-10.002610106225703,-10.019381409842154,121.39999999999738
-10.005898597025897,-10.019381409842154,121.49999999999737
-10.003925502539637,-10.013133276966576,121.59999999999737
-10.000637011770154,-10.016750617029889,121.69999999999736
-10.000637011770154,-10.013133276966576,121.79999999999735
-10.00688514427594,-10.02332759912206,121.89999999999735
-10.003267804381645,-10.01740831522988,121.99999999999734
-10.007542842445195,-10.023985297342556,122.09999999999734
-9.997348521051851,-10.024971844677145,122.19999999999733
-10.001952408071805,-10.018723711636012,122.29999999999733
-9.99965046454929,-10.016092918831948,122.39999999999732
-10.000965860844799,-10.01707946612963,122.49999999999731
-10.00688514427594,-10.022012202687224,122.59999999999731
-9.99965046454929,-10.015435220636057,122.6999999999973
-10.007542842445195,-10.02135450447288,122.7999999999973
-9.998992766404607,-10.015106371538879,122.89999999999729
-10.009187087877295,-10.023656448232051,122.99999999999729
-10.005569747943573,-10.019381409842154,123.09999999999728
-9.9999793136224,-10.013133276966576,123.19999999999727
-10.001623558995625,-10.013790975155294,123.29999999999727
-10.001294709919955,-10.018394862533711,123.39999999999726
-10.00787169153059,-10.022012202687224,123.49999999999726
-9.9999793136224,-10.013462126060679,123.59999999999725
-10.009187087877295,-10.024971844677145,123.69999999999725
-10.004583200699676,-10.015764069733747,123.79999999999724
-10.00688514427594,-10.021025655366477,123.89999999999723
-10.008529389702918,-10.020696806260588,123.99999999999723
-10.0101736351427,-10.0253006937897,124.09999999999722
-10.011817880595286,-10.022669900903615,124.19999999999722
-10.009187087877295,-10.024314146453573,124.29999999999721
-10.00655629519208,-10.02135450447288,124.3999999999972
-10.00655629519208,-10.019052560738828,124.4999999999972
-10.004583200699676,-10.016750617029889,124.5999999999972
-10.005569747943573,-10.019381409842154,124.69999999999719
-10.007213993360311,-10.02332759912206,124.79999999999718
-10.001952408071805,-10.015106371538879,124.89999999999718
-10.000637011770154,-10.013133276966576,124.99999999999717
-10.006227446108733,-10.02332759912206,125.09999999999717
-10.00885823878985,-10.024642995565102,125.19999999999716
-10.005898597025897,-10.020039108050344,125.29999999999715
-10.00951593696525,-10.022012202687224,125.39999999999715
-10.010831333322198,-10.016750617029889,125.49999999999714
-10.003267804381645,-10.015435220636057,125.59999999999714
-10.000637011770154,-10.014777522442214,125.69999999999713
-9.99965046454929,-10.015106371538879,125.79999999999713
-10.006227446108733,-10.02332759912206,125.89999999999712
-10.008529389702918,-10.021683353579796,125.99999999999712
-10.00655629519208,-10.02135450447288,126.09999999999711
-10.00984478605372,-10.021683353579796,126.1999999999971
-10.00688514427594,-10.015106371538879,126.2999999999971
-10.000308162696022,-10.016092918831948,126.39999999999709
-10.005898597025897,-10.023656448232051,126.49999999999709
-9.99965046454929,-10.015106371538879,126.59999999999708
-10.003267804381645,-10.016750617029889,126.69999999999708
-10.002938955303417,-10.016750617029889,126.79999999999707
-10.004912049780463,-10.024642995565102,126.89999999999706
-10.004583200699676,-10.016092918831948,126.99999999999706
-9.999321615476694,-10.015106371538879,127.09999999999705
-10.001952408071805,-10.015106371538879,127.19999999999705
-10.005569747943573,-10.016750617029889,127.29999999999704
-10.008200540616498,-10.021683353579796,127.39999999999704
-10.010502484232193,-10.023985297342556,127.49999999999703
-10.004254351619402,-10.018066013431921,127.59999999999702
-10.00688514427594,-10.02135450447288,127.69999999999702
-10.008529389702918,-10.022998750012583,127.79999999999701
-10.008200540616498,-10.02332759912206,127.89999999999701
-10.00885823878985,-10.022012202687224,127.999999999997
-10.007213993360311,-10.023656448232051,128.099999999997
-9.999321615476694,-10.015435220636057,128.199999999997
-10.003596653460386,-10.018066013431921,128.299999999997
-10.010502484232193,-10.021683353579796,128.399999999997
-10.008200540616498,-10.02332759912206,128.499999999997
-10.005240898861762,-10.019710258945993,128.59999999999698
-10.007213993360311,-10.023656448232051,128.69999999999698
-10.004583200699676,-10.019710258945993,128.79999999999697
-9.9999793136224,-10.013462126060679,128.89999999999696
-10.001952408071805,-10.016092918831948,128.99999999999696
-10.00655629519208,-10.022341051795163,129.09999999999695
-10.007542842445195,-10.022341051795163,129.19999999999695
-10.000965860844799,-10.013790975155294,129.29999999999694
-10.003267804381645,-10.015764069733747,129.39999999999694
-10.000637011770154,-10.013133276966576,129.49999999999693
-10.00655629519208,-10.019710258945993,129.59999999999692
-10.005240898861762,-10.018394862533711,129.69999999999692
-10.005569747943573,-10.020039108050344,129.7999999999969
-10.003267804381645,-10.015764069733747,129.8999999999969
-10.006227446108733,-10.022669900903615,129.9999999999969
-9.9999793136224,-10.014777522442214,130.0999999999969
-10.001294709919955,-10.019710258945993,130.1999999999969
-10.001623558995625,-10.013790975155294,130.29999999999688
-10.003596653460386,-10.014777522442214,130.39999999999688
-10.003596653460386,-10.018066013431921,130.49999999999687
-10.008529389702918,-10.022012202687224,130.59999999999687
-10.003596653460386,-10.018066013431921,130.69999999999686
-10.004912049780463,-10.01740831522988,130.79999999999686
-9.998663917333033,-10.02036795715521,130.89999999999685
-10.00787169153059,-10.019710258945993,130.99999999999685
-9.9999793136224,-10.019052560738828,131.09999999999684
-10.008529389702918,-10.024971844677145,131.19999999999683
-10.005569747943573,-10.023985297342556,131.29999999999683
-10.00787169153059,-10.022669900903615,131.39999999999682
-10.003596653460386,-10.013462126060679,131.49999999999682
-10.002281257148498,-10.014119824250422,131.5999999999968
-9.999321615476694,-10.019052560738828,131.6999999999968
-10.005569747943573,-10.01707946612963,131.7999999999968
-10.002610106225703,-10.018066013431921,131.8999999999968
-10.004254351619402,-10.01707946612963,131.9999999999968
-10.000637011770154,-10.020039108050344,132.09999999999678
-10.004254351619402,-10.017737164330645,132.19999999999678
-10.004912049780463,-10.016421767930662,132.29999999999677
-10.000308162696022,-10.018723711636012,132.39999999999677
-10.00655629519208,-10.023656448232051,132.49999999999676
-10.005898597025897,-10.02036795715521,132.59999999999675
-10.0101736351427,-10.023985297342556,132.69999999999675
-10.001294709919955,-10.013790975155294,132.79999999999674
-10.00951593696525,-10.024314146453573,132.89999999999674
-9.997019671982837,-10.022998750012583,132.99999999999673
-10.00787169153059,-10.02332759912206,133.09999999999673
-10.005898597025897,-10.021025655366477,133.19999999999672
-10.005569747943573,-10.02036795715521,133.29999999999671
-10.00688514427594,-10.022998750012583,133.3999999999967
-10.003596653460386,-10.018066013431921,133.4999999999967
-9.99965046454929,-10.015435220636057,133.5999999999967
-10.008200540616498,-10.02332759912206,133.6999999999967
-9.998992766404607,-10.014119824250422,133.7999999999967
-10.007542842445195,-10.02036795715521,133.89999999999668
-9.9999793136224,-10.019710258945993,133.99999999999667
-9.999321615476694,-10.014448673346061,134.09999999999667
-10.004254351619402,-10.019710258945993,134.19999999999666
-10.003925502539637,-10.01740831522988,134.29999999999666
-10.00655629519208,-10.024642995565102,134.39999999999665
-10.004254351619402,-10.017737164330645,134.49999999999665
-10.001294709919955,-10.014777522442214,134.59999999999664
-10.004254351619402,-10.014119824250422,134.69999999999663
-10.00951593696525,-10.022341051795163,134.79999999999663
-10.003596653460386,-10.015764069733747,134.89999999999662
-10.000637011770154,-10.016750617029889,134.99999999999662
-10.000637011770154,-10.019052560738828,135.0999999999966
-10.00688514427594,-10.020696806260588,135.1999999999966
-10.005569747943573,-10.021025655366477,135.2999999999966
-10.002610106225703,-10.015435220636057,135.3999999999966
-10.000308162696022,-10.019381409842154,135.4999999999966
-10.003596653460386,-10.019710258945993,135.59999999999658
-10.007542842445195,-10.022998750012583,135.69999999999658
-10.001294709919955,-10.014448673346061,135.79999999999657
-10.003267804381645,-10.01740831522988,135.89999999999657
-10.004912049780463,-10.015764069733747,135.99999999999656
-10.008200540616498,-10.02135450447288,136.09999999999656
-10.006227446108733,-10.017737164330645,136.19999999999655
-10.009187087877295,-10.02332759912206,136.29999999999654
-10.000637011770154,-10.015435220636057,136.39999999999654
-10.007542842445195,-10.021025655366477,136.49999999999653
-10.000965860844799,-10.01740831522988,136.59999999999653
-9.9999793136224,-10.01707946612963,136.69999999999652
-10.003596653460386,-10.01707946612963,136.79999999999652
-10.000637011770154,-10.018723711636012,136.8999999999965
-9.9999793136224,-10.014777522442214,136.9999999999965
-10.004583200699676,-10.01707946612963,137.0999999999965
-10.003267804381645,-10.018394862533711,137.1999999999965
-10.005569747943573,-10.023985297342556,137.2999999999965
-10.00655629519208,-10.023656448232051,137.39999999999648
-10.000308162696022,-10.015435220636057,137.49999999999648
-10.008529389702918,-10.022998750012583,137.59999999999647
-9.99965046454929,-10.019052560738828,137.69999999999646
-10.00951593696525,-10.020039108050344,137.79999999999646
-10.001294709919955,-10.013462126060679,137.89999999999645
-10.00688514427594,-10.021683353579796,137.99999999999645
-9.9999793136224,-10.017737164330645,138.09999999999644
-10.006227446108733,-10.022669900903615,138.19999999999644
-10.001623558995625,-10.018723711636012,138.29999999999643
-10.002610106225703,-10.014777522442214,138.39999999999642
-10.008200540616498,-10.022012202687224,138.49999999999642
-10.00885823878985,-10.022012202687224,138.5999999999964
-10.002610106225703,-10.015435220636057,138.6999999999964
-9.99965046454929,-10.012804427872986,138.7999999999964
-10.009187087877295,-10.02332759912206,138.8999999999964
-9.998663917333033,-10.015435220636057,138.9999999999964
-10.008200540616498,-10.022998750012583,139.09999999999638
-10.007542842445195,-10.021025655366477,139.19999999999638
-10.007542842445195,-10.024642995565102,139.29999999999637
-10.00787169153059,-10.023985297342556,139.39999999999637
-10.008529389702918,-10.021683353579796,139.49999999999636
-10.003596653460386,-10.015106371538879,139.59999999999636
-10.002938955303417,-10.017737164330645,139.69999999999635
-10.003925502539637,-10.019381409842154,139.79999999999634
-10.004583200699676,-10.019381409842154,139.89999999999634
-10.00951593696525,-10.020696806260588,139.99999999999633
-10.00787169153059,-10.020696806260588,140.09999999999633
-10.005569747943573,-10.02036795715521,140.19999999999632
-9.99965046454929,-10.015435220636057,140.29999999999632
-10.000965860844799,-10.018066013431921,140.3999999999963
-10.00984478605372,-10.024971844677145,140.4999999999963
-10.00787169153059,-10.020696806260588,140.5999999999963
-10.0101736351427,-10.022012202687224,140.6999999999963
-10.006227446108733,-10.021683353579796,140.7999999999963
-10.00688514427594,-10.021025655366477,140.89999999999628
-10.006227446108733,-10.020696806260588,140.99999999999628
-10.005569747943573,-10.019052560738828,141.09999999999627
-10.002610106225703,-10.014119824250422,141.19999999999627
-10.006227446108733,-10.016421767930662,141.29999999999626
-10.007542842445195,-10.023656448232051,141.39999999999625
-10.005240898861762,-10.02036795715521,141.49999999999625
-10.00655629519208,-10.019052560738828,141.59999999999624
-10.008200540616498,-10.020696806260588,141.69999999999624
-10.00951593696525,-10.021683353579796,141.79999999999623
-10.003925502539637,-10.01707946612963,141.89999999999623
-10.003925502539637,-10.014119824250422,141.99999999999622
-10.004583200699676,-10.016421767930662,142.09999999999621
-9.9999793136224,-10.01707946612963,142.1999999999962
-10.004912049780463,-10.01740831522988,142.2999999999962
-10.002281257148498,-10.016750617029889,142.3999999999962
-10.008529389702918,-10.020696806260588,142.4999999999962
-10.005569747943573,-10.018723711636012,142.5999999999962
-10.00688514427594,-10.019710258945993,142.69999999999618
-10.004254351619402,-10.018723711636012,142.79999999999617
-10.005898597025897,-10.023985297342556,142.89999999999617
-10.007213993360311,-10.02332759912206,142.99999999999616
-10.005898597025897,-10.019710258945993,143.09999999999616
-10.007213993360311,-10.02332759912206,143.19999999999615
-10.000965860844799,-10.013790975155294,143.29999999999615
-9.998335068261971,-10.017737164330645,143.39999999999614
-10.006227446108733,-10.022669900903615,143.49999999999613
-10.008529389702918,-10.022341051795163,143.59999999999613
-10.002938955303417,-10.018394862533711,143.69999999999612
-10.003596653460386,-10.015764069733747,143.79999999999612
-10.007213993360311,-10.024971844677145,143.8999999999961
-10.00787169153059,-10.023656448232051,143.9999999999961
-10.00655629519208,-10.02135450447288,144.0999999999961
-10.006227446108733,-10.022341051795163,144.1999999999961
-10.005240898861762,-10.020039108050344,144.2999999999961
-10.000965860844799,-10.014777522442214,144.39999999999608
-9.9999793136224,-10.018723711636012,144.49999999999608
-10.009187087877295,-10.021025655366477,144.59999999999607
-10.005240898861762,-10.020039108050344,144.69999999999607
-10.007542842445195,-10.022669900903615,144.79999999999606
-9.9999793136224,-10.016421767930662,144.89999999999606
-10.00655629519208,-10.021683353579796,144.99999999999605
-9.999321615476694,-10.015435220636057,145.09999999999604
-10.00688514427594,-10.02135450447288,145.19999999999604
-10.006227446108733,-10.019381409842154,145.29999999999603
-10.000637011770154,-10.017737164330645,145.39999999999603
-9.998992766404607,-10.024971844677145,145.49999999999602
-10.005569747943573,-10.023985297342556,145.59999999999602
-10.00787169153059,-10.022341051795163,145.699999999996
-10.006227446108733,-10.023656448232051,145.799999999996
-9.999321615476694,-10.017737164330645,145.899999999996
-10.010502484232193,-10.024642995565102,145.999999999996
-10.00655629519208,-10.02135450447288,146.099999999996
-10.005898597025897,-10.023985297342556,146.19999999999598
-10.005569747943573,-10.017737164330645,146.29999999999598
-10.001952408071805,-10.018066013431921,146.39999999999597
-10.009187087877295,-10.022998750012583,146.49999999999596
-10.000965860844799,-10.018394862533711,146.59999999999596
-10.005898597025897,-10.019710258945993,146.69999999999595
-10.003267804381645,-10.016421767930662,146.79999999999595
-9.9999793136224,-10.01707946612963,146.89999999999594
-10.008529389702918,-10.023656448232051,146.99999999999594
-10.001952408071805,-10.01740831522988,147.09999999999593
-9.9999793136224,-10.020039108050344,147.19999999999592
-10.00655629519208,-10.020696806260588,147.29999999999592
-10.003267804381645,-10.01740831522988,147.3999999999959
-10.00885823878985,-10.02332759912206,147.4999999999959
-10.003596653460386,-10.016092918831948,147.5999999999959
-10.007542842445195,-10.022998750012583,147.6999999999959
-10.005898597025897,-10.015764069733747,147.7999999999959
-10.00688514427594,-10.02135450447288,147.89999999999588
-10.005240898861762,-10.016421767930662,147.99999999999588
-10.000637011770154,-10.014448673346061,148.09999999999587
-10.003925502539637,-10.016421767930662,148.19999999999587
-10.001623558995625,-10.013133276966576,148.29999999999586
-10.001294709919955,-10.01740831522988,148.39999999999586
-10.003925502539637,-10.016421767930662,148.49999999999585
-10.003925502539637,-10.018723711636012,148.59999999999584
-10.010502484232193,-10.02332759912206,148.69999999999584
-9.999321615476694,-10.019052560738828,148.79999999999583
-10.001952408071805,-10.016421767930662,148.89999999999583
-10.001294709919955,-10.012475578779906,148.99999999999582
-10.007213993360311,-10.02135450447288,149.09999999999582
-10.001294709919955,-10.015435220636057,149.1999999999958
-10.005240898861762,-10.018066013431921,149.2999999999958
-10.006227446108733,-10.019710258945993,149.3999999999958
-10.001294709919955,-10.01707946612963,149.4999999999958
-10.00951593696525,-10.02332759912206,149.5999999999958
-9.9999793136224,-10.019381409842154,149.69999999999578
-10.000308162696022,-10.018394862533711,149.79999999999578
-10.007542842445195,-10.02036795715521,149.89999999999577
-10.003596653460386,-10.014119824250422,149.99999999999577
-10.005240898861762,-10.01740831522988,150.09999999999576
-10.007542842445195,-10.021683353579796,150.19999999999575
-9.998335068261971,-10.015106371538879,150.29999999999575
-10.0101736351427,-10.022669900903615,150.39999999999574
-10.002281257148498,-10.015435220636057,150.49999999999574
-10.004254351619402,-10.018723711636012,150.59999999999573
-10.00787169153059,-10.020696806260588,150.69999999999573
-10.000308162696022,-10.018394862533711,150.79999999999572
-10.0101736351427,-10.021683353579796,150.8999999999957
-10.00787169153059,-10.022998750012583,150.9999999999957
-10.00787169153059,-10.022998750012583,151.0999999999957
-10.003267804381645,-10.018394862533711,151.1999999999957
-9.99965046454929,-10.019710258945993,151.2999999999957
-10.004583200699676,-10.020039108050344,151.39999999999569
-10.004912049780463,-10.018723711636012,151.49999999999568
-10.007542842445195,-10.02332759912206,151.59999999999567
-10.000965860844799,-10.019381409842154,151.69999999999567
-10.004254351619402,-10.01707946612963,151.79999999999566
-10.00655629519208,-10.023985297342556,151.89999999999566
-10.001294709919955,-10.019381409842154,151.99999999999565
-10.001623558995625,-10.01707946612963,152.09999999999565
-10.010502484232193,-10.023656448232051,152.19999999999564
-10.003925502539637,-10.018394862533711,152.29999999999563
-10.005898597025897,-10.018723711636012,152.39999999999563
-10.00885823878985,-10.021683353579796,152.49999999999562
-10.003267804381645,-10.014448673346061,152.59999999999562
-10.003596653460386,-10.018394862533711,152.6999999999956
-10.00984478605372,-10.022341051795163,152.7999999999956
-10.005898597025897,-10.023656448232051,152.8999999999956
-10.010831333322198,-10.020039108050344,152.9999999999956
-10.00688514427594,-10.02036795715521,153.0999999999956
-10.004912049780463,-10.016092918831948,153.19999999999558
-10.004912049780463,-10.022012202687224,153.29999999999558
-10.007213993360311,-10.022012202687224,153.39999999999557
-10.00885823878985,-10.023985297342556,153.49999999999557
-10.007542842445195,-10.02332759912206,153.59999999999556
-10.007213993360311,-10.021025655366477,153.69999999999555
-10.003267804381645,-10.015764069733747,153.79999999999555
-10.004583200699676,-10.023985297342556,153.89999999999554
-10.002281257148498,-10.018394862533711,153.99999999999554
-10.008529389702918,-10.021683353579796,154.09999999999553
-10.008529389702918,-10.023985297342556,154.19999999999553
-10.008200540616498,-10.022012202687224,154.29999999999552
-10.003596653460386,-10.01707946612963,154.39999999999552
-10.007213993360311,-10.019710258945993,154.4999999999955
-10.005898597025897,-10.023656448232051,154.5999999999955
-10.00688514427594,-10.023985297342556,154.6999999999955
-10.00787169153059,-10.021025655366477,154.7999999999955
-10.00984478605372,-10.024971844677145,154.8999999999955
-10.003925502539637,-10.019381409842154,154.99999999999548
-10.000965860844799,-10.014448673346061,155.09999999999548
-10.000965860844799,-10.013133276966576,155.19999999999547
-10.007542842445195,-10.02135450447288,155.29999999999546
-10.004583200699676,-10.018066013431921,155.39999999999546
-10.00655629519208,-10.023656448232051,155.49999999999545
-10.000308162696022,-10.014448673346061,155.59999999999545
-10.005240898861762,-10.016750617029889,155.69999999999544
-10.00688514427594,-10.02036795715521,155.79999999999544
-10.003267804381645,-10.016421767930662,155.89999999999543
-10.004583200699676,-10.016092918831948,155.99999999999542
-10.004912049780463,-10.019710258945993,156.09999999999542
-10.008200540616498,-10.019710258945993,156.1999999999954
-9.998992766404607,-10.019052560738828,156.2999999999954
-9.998663917333033,-10.013462126060679,156.3999999999954
-10.000308162696022,-10.012804427872986,156.4999999999954
-10.000308162696022,-10.015106371538879,156.5999999999954
-10.006227446108733,-10.020696806260588,156.69999999999538
-10.001952408071805,-10.016750617029889,156.79999999999538
-10.003267804381645,-10.014777522442214,156.89999999999537
-10.002610106225703,-10.014448673346061,156.99999999999537
-10.001623558995625,-10.01707946612963,157.09999999999536
-10.003925502539637,-10.022669900903615,157.19999999999536
-10.001952408071805,-10.019052560738828,157.29999999999535
-10.00688514427594,-10.021683353579796,157.39999999999534
-10.000965860844799,-10.018394862533711,157.49999999999534
-10.002281257148498,-10.017737164330645,157.59999999999533
-10.00885823878985,-10.022341051795163,157.69999999999533
-10.00655629519208,-10.021025655366477,157.79999999999532
-10.003596653460386,-10.018394862533711,157.89999999999532
-10.001623558995625,-10.014119824250422,157.9999999999953
-10.005569747943573,-10.017737164330645,158.0999999999953
-10.003596653460386,-10.016092918831948,158.1999999999953
-10.007542842445195,-10.019710258945993,158.2999999999953
-10.001623558995625,-10.018394862533711,158.3999999999953
-10.000637011770154,-10.019052560738828,158.49999999999528
-9.99965046454929,-10.01707946612963,158.59999999999528
-10.00951593696525,-10.022341051795163,158.69999999999527
-10.007213993360311,-10.021025655366477,158.79999999999526
-9.99965046454929,-10.014119824250422,158.89999999999526
-10.000965860844799,-10.019381409842154,158.99999999999525
-10.002610106225703,-10.018723711636012,159.09999999999525
-10.00655629519208,-10.023656448232051,159.19999999999524
-10.002610106225703,-10.014448673346061,159.29999999999524
-10.000308162696022,-10.02036795715521,159.39999999999523
-10.003596653460386,-10.014119824250422,159.49999999999523
-10.003596653460386,-10.012804427872986,159.59999999999522
-10.005569747943573,-10.020039108050344,159.6999999999952
-10.00787169153059,-10.022341051795163,159.7999999999952
-10.006227446108733,-10.020696806260588,159.8999999999952
-10.007213993360311,-10.022669900903615,159.9999999999952
-10.00885823878985,-10.02036795715521,160.0999999999952
-9.9999793136224,-10.018066013431921,160.19999999999519
-10.00787169153059,-10.019710258945993,160.29999999999518
-10.008200540616498,-10.021683353579796,160.39999999999517
-9.9999793136224,-10.019381409842154,160.49999999999517
-10.000965860844799,-10.018066013431921,160.59999999999516
-10.008200540616498,-10.020696806260588,160.69999999999516
-10.002610106225703,-10.015106371538879,160.79999999999515
-10.004254351619402,-10.014777522442214,160.89999999999515
-10.004583200699676,-10.015435220636057,160.99999999999514
-10.001294709919955,-10.018394862533711,161.09999999999513
-10.007213993360311,-10.022669900903615,161.19999999999513
-9.9999793136224,-10.01740831522988,161.29999999999512
-10.005240898861762,-10.016750617029889,161.39999999999512
-10.001294709919955,-10.014777522442214,161.4999999999951
-9.999321615476694,-10.019710258945993,161.5999999999951
-10.003267804381645,-10.018066013431921,161.6999999999951
-10.000965860844799,-10.01740831522988,161.7999999999951
-10.000965860844799,-10.017737164330645,161.8999999999951
-10.0101736351427,-10.022998750012583,161.99999999999508
-10.00655629519208,-10.023656448232051,162.09999999999508
-10.008200540616498,-10.02135450447288,162.19999999999507
-10.00885823878985,-10.021683353579796,162.29999999999507
-10.002938955303417,-10.01740831522988,162.39999999999506
-10.000308162696022,-10.019381409842154,162.49999999999505
-10.00655629519208,-10.020039108050344,162.59999999999505
-10.004254351619402,-10.016092918831948,162.69999999999504
-10.005240898861762,-10.016421767930662,162.79999999999504
-10.003925502539637,-10.01740831522988,162.89999999999503
-10.006227446108733,-10.02036795715521,162.99999999999503
-10.000965860844799,-10.018066013431921,163.09999999999502
-10.000308162696022,-10.013133276966576,163.19999999999501
-10.004583200699676,-10.019710258945993,163.299999999995
-10.011489031503745,-10.023656448232051,163.399999999995
-10.009187087877295,-10.02332759912206,163.499999999995
-10.00787169153059,-10.024971844677145,163.599999999995
-10.000637011770154,-10.016750617029889,163.699999999995
-10.008529389702918,-10.020696806260588,163.79999999999498
-10.003596653460386,-10.016421767930662,163.89999999999498
-10.000637011770154,-10.018723711636012,163.99999999999497
-9.998663917333033,-10.017737164330645,164.09999999999496
-10.007213993360311,-10.02036795715521,164.19999999999496
-10.00655629519208,-10.019052560738828,164.29999999999495
-9.9999793136224,-10.018394862533711,164.39999999999495
-9.998335068261971,-10.015435220636057,164.49999999999494
-10.006227446108733,-10.021683353579796,164.59999999999494
-10.003596653460386,-10.016092918831948,164.69999999999493
-10.007542842445195,-10.02135450447288,164.79999999999492
-10.005240898861762,-10.024314146453573,164.89999999999492
-10.007542842445195,-10.023656448232051,164.9999999999949
-10.003925502539637,-10.019052560738828,165.0999999999949
-10.003596653460386,-10.017737164330645,165.1999999999949
-9.998335068261971,-10.016421767930662,165.2999999999949
-10.007213993360311,-10.022998750012583,165.3999999999949
-10.00885823878985,-10.022012202687224,165.49999999999488
-10.000308162696022,-10.017737164330645,165.59999999999488
-10.009187087877295,-10.021683353579796,165.69999999999487
-10.000308162696022,-10.018394862533711,165.79999999999487
-10.004583200699676,-10.018066013431921,165.89999999999486
-10.005240898861762,-10.016092918831948,165.99999999999486
-10.00885823878985,-10.022669900903615,166.09999999999485
-10.00787169153059,-10.023656448232051,166.19999999999484
-10.008200540616498,-10.022341051795163,166.29999999999484
-10.00655629519208,-10.022669900903615,166.39999999999483
-10.00688514427594,-10.022341051795163,166.49999999999483
-10.008529389702918,-10.02332759912206,166.59999999999482
-10.002281257148498,-10.013790975155294,166.69999999999482
-10.011489031503745,-10.022012202687224,166.7999999999948
-10.001623558995625,-10.013790975155294,166.8999999999948
-10.00951593696525,-10.022012202687224,166.9999999999948
-10.010502484232193,-10.024314146453573,167.0999999999948
-10.001952408071805,-10.01740831522988,167.1999999999948
-10.005240898861762,-10.016421767930662,167.29999999999478
-10.004583200699676,-10.01707946612963,167.39999999999478
-10.005240898861762,-10.017737164330645,167.49999999999477
-10.003267804381645,-10.017737164330645,167.59999999999476
-10.0101736351427,-10.023656448232051,167.69999999999476
-10.004254351619402,-10.01707946612963,167.79999999999475
-10.00688514427594,-10.02332759912206,167.89999999999475
-10.008529389702918,-10.022341051795163,167.99999999999474
-10.005569747943573,-10.020039108050344,168.09999999999474
-10.000637011770154,-10.019710258945993,168.19999999999473
-10.002610106225703,-10.019052560738828,168.29999999999472
-10.005898597025897,-10.023985297342556,168.39999999999472
-10.007542842445195,-10.02332759912206,168.4999999999947
-10.000308162696022,-10.012804427872986,168.5999999999947
-10.009187087877295,-10.024314146453573,168.6999999999947
-9.999321615476694,-10.014119824250422,168.7999999999947
-10.001623558995625,-10.014777522442214,168.8999999999947
-10.009187087877295,-10.023656448232051,168.99999999999469
-10.00655629519208,-10.02036795715521,169.09999999999468
-10.002938955303417,-10.017737164330645,169.19999999999467
-10.010502484232193,-10.023656448232051,169.29999999999467
-10.007542842445195,-10.023985297342556,169.39999999999466
-10.002281257148498,-10.013462126060679,169.49999999999466
-10.000965860844799,-10.015106371538879,169.59999999999465
-9.999321615476694,-10.015106371538879,169.69999999999465
-10.00787169153059,-10.019710258945993,169.79999999999464
-10.00787169153059,-10.021025655366477,169.89999999999463
-10.005240898861762,-10.018066013431921,169.99999999999463
-10.002281257148498,-10.01707946612963,170.09999999999462
-10.003596653460386,-10.019052560738828,170.19999999999462
-10.005240898861762,-10.022341051795163,170.2999999999946
-10.007213993360311,-10.02332759912206,170.3999999999946
-10.002281257148498,-10.013133276966576,170.4999999999946
-9.9999793136224,-10.018066013431921,170.5999999999946
-10.002281257148498,-10.015435220636057,170.6999999999946
-10.00787169153059,-10.022341051795163,170.79999999999458
-10.003596653460386,-10.014448673346061,170.89999999999458
-10.004254351619402,-10.01740831522988,170.99999999999457
-10.007542842445195,-10.023985297342556,171.09999999999457
-10.001294709919955,-10.016092918831948,171.19999999999456
-10.004583200699676,-10.017737164330645,171.29999999999455
-10.000637011770154,-10.018723711636012,171.39999999999455
-9.99965046454929,-10.012475578779906,171.49999999999454
-10.002281257148498,-10.014119824250422,171.59999999999454
-10.000965860844799,-10.014448673346061,171.69999999999453
-10.005898597025897,-10.020039108050344,171.79999999999453
-10.008200540616498,-10.02036795715521,171.89999999999452
-10.001952408071805,-10.017737164330645,171.99999999999451
-9.99965046454929,-10.016421767930662,172.0999999999945
-10.00787169153059,-10.023985297342556,172.1999999999945
-10.007542842445195,-10.02036795715521,172.2999999999945
-10.004254351619402,-10.016092918831948,172.3999999999945
-10.004583200699676,-10.01707946612963,172.4999999999945
-10.001294709919955,-10.015106371538879,172.59999999999448
-10.0101736351427,-10.02135450447288,172.69999999999447
-10.003925502539637,-10.01707946612963,172.79999999999447
-10.005569747943573,-10.01740831522988,172.89999999999446
-10.00885823878985,-10.022012202687224,172.99999999999446
-10.003925502539637,-10.013790975155294,173.09999999999445
-10.007213993360311,-10.023656448232051,173.19999999999445
-10.007542842445195,-10.022669900903615,173.29999999999444
-9.9999793136224,-10.015106371538879,173.39999999999444
-10.000308162696022,-10.016092918831948,173.49999999999443
-9.999321615476694,-10.020039108050344,173.59999999999442
-10.003925502539637,-10.01740831522988,173.69999999999442
-9.999321615476694,-10.019052560738828,173.7999999999944
-10.005240898861762,-10.01740831522988,173.8999999999944
-10.00984478605372,-10.020039108050344,173.9999999999944
-10.00787169153059,-10.022012202687224,174.0999999999944
-10.001294709919955,-10.013790975155294,174.1999999999944
-9.998992766404607,-10.014448673346061,174.29999999999438
-10.008529389702918,-10.019710258945993,174.39999999999438
-10.000965860844799,-10.015106371538879,174.49999999999437
-10.003925502539637,-10.01707946612963,174.59999999999437
-10.00885823878985,-10.022669900903615,174.69999999999436
-10.002610106225703,-10.017737164330645,174.79999999999436
-10.003925502539637,-10.018394862533711,174.89999999999435
-10.000965860844799,-10.018066013431921,174.99999999999434
-10.001623558995625,-10.014777522442214,175.09999999999434
-9.99965046454929,-10.015435220636057,175.19999999999433
-10.005240898861762,-10.02036795715521,175.29999999999433
-10.00951593696525,-10.021025655366477,175.39999999999432
-10.00688514427594,-10.019710258945993,175.49999999999432
-10.005240898861762,-10.016421767930662,175.5999999999943
-10.010502484232193,-10.023985297342556,175.6999999999943
-10.001952408071805,-10.016750617029889,175.7999999999943
-10.004254351619402,-10.01740831522988,175.8999999999943
-9.999321615476694,-10.016750617029889,175.9999999999943
-10.00688514427594,-10.024642995565102,176.09999999999428
-10.001623558995625,-10.014119824250422,176.19999999999428
-9.998663917333033,-10.014448673346061,176.29999999999427
-10.002281257148498,-10.013790975155294,176.39999999999426
-10.008529389702918,-10.022998750012583,176.49999999999426
-10.006227446108733,-10.02332759912206,176.59999999999425
-9.99965046454929,-10.016421767930662,176.69999999999425
-10.001952408071805,-10.019710258945993,176.79999999999424
-10.00885823878985,-10.023656448232051,176.89999999999424
-10.010502484232193,-10.023985297342556,176.99999999999423
-10.006227446108733,-10.022669900903615,177.09999999999422
-10.002281257148498,-10.018066013431921,177.19999999999422
-10.005569747943573,-10.01707946612963,177.2999999999942
-9.998992766404607,-10.015764069733747,177.3999999999942
-10.003925502539637,-10.017737164330645,177.4999999999942
-9.9999793136224,-10.018394862533711,177.5999999999942
-10.00655629519208,-10.01214672968734,177.6999999999942
-10.00688514427594,-10.023985297342556,177.79999999999418
-10.000965860844799,-10.01707946612963,177.89999999999418
-10.005240898861762,-10.016092918831948,177.99999999999417
-10.001294709919955,-10.019381409842154,178.09999999999417
-10.007542842445195,-10.022669900903615,178.19999999999416
-10.011817880595286,-10.021025655366477,178.29999999999416
-10.00688514427594,-10.022341051795163,178.39999999999415
-10.000637011770154,-10.013462126060679,178.49999999999415
-10.000965860844799,-10.018066013431921,178.59999999999414
-10.00951593696525,-10.021683353579796,178.69999999999413
-10.008200540616498,-10.02135450447288,178.79999999999413
-10.007213993360311,-10.024314146453573,178.89999999999412
-10.003267804381645,-10.014777522442214,178.99999999999412
-10.005240898861762,-10.016421767930662,179.0999999999941
-10.008529389702918,-10.021683353579796,179.1999999999941
-10.003267804381645,-10.01740831522988,179.2999999999941
-10.00951593696525,-10.02332759912206,179.3999999999941
-10.001623558995625,-10.014448673346061,179.4999999999941
-10.001294709919955,-10.013133276966576,179.59999999999408
-10.008529389702918,-10.020696806260588,179.69999999999408
-10.008529389702918,-10.021025655366477,179.79999999999407
-9.999321615476694,-10.018394862533711,179.89999999999407
-10.000637011770154,-10.018394862533711,179.99999999999406
-10.003596653460386,-10.014448673346061,180.09999999999405
-10.000308162696022,-10.015764069733747,180.19999999999405
-10.005569747943573,-10.024642995565102,180.29999999999404
-10.00951593696525,-10.021025655366477,180.39999999999404
-10.004583200699676,-10.01740831522988,180.49999999999403
-10.00688514427594,-10.02332759912206,180.59999999999403
-10.001294709919955,-10.013462126060679,180.69999999999402
-10.001952408071805,-10.013462126060679,180.79999999999401
-10.007213993360311,-10.025629542902767,180.899999999994
-10.00688514427594,-10.022998750012583,180.999999999994
-10.00688514427594,-10.022998750012583,181.099999999994
-10.000637011770154,-10.015106371538879,181.199999999994
-10.004583200699676,-10.018394862533711,181.299999999994
-10.008200540616498,-10.02036795715521,181.39999999999398
-10.007542842445195,-10.020696806260588,181.49999999999397
-10.007213993360311,-10.019710258945993,181.59999999999397
-10.001294709919955,-10.018066013431921,181.69999999999396
-10.008529389702918,-10.022012202687224,181.79999999999396
-9.999321615476694,-10.015435220636057,181.89999999999395
-10.007213993360311,-10.02332759912206,181.99999999999395
-10.001294709919955,-10.017737164330645,182.09999999999394
-10.000965860844799,-10.018066013431921,182.19999999999393
-10.00951593696525,-10.020696806260588,182.29999999999393
-10.003596653460386,-10.013133276966576,182.39999999999392
-10.002610106225703,-10.01707946612963,182.49999999999392
-10.00787169153059,-10.022341051795163,182.5999999999939
-10.00885823878985,-10.02036795715521,182.6999999999939
-9.9999793136224,-10.01740831522988,182.7999999999939
-10.000308162696022,-10.018394862533711,182.8999999999939
-10.001952408071805,-10.014119824250422,182.9999999999939
-10.001623558995625,-10.013133276966576,183.09999999999388
-10.00951593696525,-10.022669900903615,183.19999999999388
-10.008200540616498,-10.02135450447288,183.29999999999387
-9.9999793136224,-10.014119824250422,183.39999999999387
-10.002610106225703,-10.013790975155294,183.49999999999386
-10.002281257148498,-10.015435220636057,183.59999999999386
-10.008200540616498,-10.022012202687224,183.69999999999385
-10.004583200699676,-10.018394862533711,183.79999999999384
-10.011817880595286,-10.019052560738828,183.89999999999384
-10.005240898861762,-10.019381409842154,183.99999999999383
-10.001623558995625,-10.014777522442214,184.09999999999383
-10.00885823878985,-10.022012202687224,184.19999999999382
-10.000308162696022,-10.019052560738828,184.29999999999382
-10.008529389702918,-10.022669900903615,184.3999999999938
-9.99965046454929,-10.01740831522988,184.4999999999938
-9.9999793136224,-10.01707946612963,184.5999999999938
-10.002610106225703,-10.015106371538879,184.6999999999938
-10.002281257148498,-10.013462126060679,184.7999999999938
-10.006227446108733,-10.020696806260588,184.89999999999378
-10.00787169153059,-10.02332759912206,184.99999999999378
-10.00787169153059,-10.022669900903615,185.09999999999377
-9.998992766404607,-10.016421767930662,185.19999999999376
-10.005240898861762,-10.019710258945993,185.29999999999376
-9.99965046454929,-10.015435220636057,185.39999999999375
-10.00655629519208,-10.02135450447288,185.49999999999375
-10.003925502539637,-10.019710258945993,185.59999999999374
-10.000965860844799,-10.017737164330645,185.69999999999374
-10.004583200699676,-10.018394862533711,185.79999999999373
-10.004912049780463,-10.01707946612963,185.89999999999372
-10.003925502539637,-10.018723711636012,185.99999999999372
-10.002281257148498,-10.017737164330645,186.0999999999937
-10.005240898861762,-10.016750617029889,186.1999999999937
-10.007213993360311,-10.016750617029889,186.2999999999937
-10.006227446108733,-10.021683353579796,186.3999999999937
-10.001952408071805,-10.014448673346061,186.4999999999937
-10.004583200699676,-10.02036795715521,186.59999999999368
-10.00984478605372,-10.024314146453573,186.69999999999368
-10.008200540616498,-10.023985297342556,186.79999999999367
-10.001952408071805,-10.014777522442214,186.89999999999367
-10.000637011770154,-10.013790975155294,186.99999999999366
-10.001623558995625,-10.020039108050344,187.09999999999366
-10.008529389702918,-10.021025655366477,187.19999999999365
-10.007213993360311,-10.020696806260588,187.29999999999364
-10.000637011770154,-10.019052560738828,187.39999999999364
-10.0101736351427,-10.024314146453573,187.49999999999363
-10.000637011770154,-10.015106371538879,187.59999999999363
-10.004254351619402,-10.014448673346061,187.69999999999362
-10.004254351619402,-10.01740831522988,187.79999999999362
-10.00787169153059,-10.019710258945993,187.8999999999936
-10.000308162696022,-10.019381409842154,187.9999999999936
-10.001952408071805,-10.014119824250422,188.0999999999936
-10.00655629519208,-10.019710258945993,188.1999999999936
-10.00655629519208,-10.020696806260588,188.2999999999936
